tract_id,county_fips,area_type,population_2020,low_access,low_income_low_access
06001400100,06001,Urban,3038,1,0
06001400200,06001,Urban,2001,0,0
06001400300,06001,Urban,5504,0,0
06001400400,06001,Urban,4112,0,0
06001400500,06001,Urban,3644,0,0
06001400600,06001,Urban,1788,0,0
06001400700,06001,Urban,4508,0,0
06001400800,06001,Urban,3917,0,0
06001400900,06001,Urban,2514,0,0
06001401000,06001,Urban,6097,0,0
06001401100,06001,Urban,4966,0,0
06001401200,06001,Urban,2989,0,0
06001401300,06001,Urban,5887,0,0
06001401400,06001,Urban,5355,0,0
06001401500,06001,Urban,2661,0,0
06001401600,06001,Urban,2971,0,0
06001401700,06001,Urban,6121,0,0
06001401800,06001,Urban,1981,0,0
06001402200,06001,Urban,3250,0,0
06001402400,06001,Urban,2459,0,0
06001402500,06001,Urban,2010,0,0
06001402600,06001,Urban,1226,0,0
06001402700,06001,Urban,1827,0,0
06001402801,06001,Urban,2941,0,0
06001402802,06001,Urban,1453,0,0
06001402900,06001,Urban,1917,0,0
06001403000,06001,Urban,3007,0,0
06001403100,06001,Urban,1690,0,0
06001403301,06001,Urban,1999,0,0
06001403302,06001,Urban,3220,0,0
06001403401,06001,Urban,3031,0,0
06001403402,06001,Urban,1524,0,0
06001403501,06001,Urban,5880,0,0
06001403502,06001,Urban,2148,0,0
06001403600,06001,Urban,4717,0,0
06001403701,06001,Urban,2786,0,0
06001403702,06001,Urban,2149,0,0
06001403800,06001,Urban,3710,0,0
06001403900,06001,Urban,3943,0,0
06001404000,06001,Urban,3049,0,0
06001404101,06001,Urban,3139,0,0
06001404102,06001,Urban,2516,0,0
06001404200,06001,Urban,3641,1,0
06001404300,06001,Urban,3416,1,0
06001404400,06001,Urban,5621,1,0
06001404501,06001,Urban,1771,0,0
06001404502,06001,Urban,6194,1,0
06001404600,06001,Urban,4551,1,0
06001404700,06001,Urban,1982,1,0
06001404800,06001,Urban,2757,0,0
06001404900,06001,Urban,4458,0,0
06001405000,06001,Urban,3313,0,0
06001405100,06001,Urban,4363,1,0
06001405200,06001,Urban,4839,0,0
06001405301,06001,Urban,2991,0,0
06001405302,06001,Urban,2797,0,0
06001405401,06001,Urban,3875,0,0
06001405402,06001,Urban,3171,0,0
06001405500,06001,Urban,3844,0,0
06001405600,06001,Urban,3224,0,0
06001405700,06001,Urban,3423,0,0
06001405800,06001,Urban,4320,0,0
06001405901,06001,Urban,4279,0,0
06001405902,06001,Urban,3181,0,0
06001406000,06001,Urban,5223,0,0
06001406100,06001,Urban,5887,0,0
06001406201,06001,Urban,5019,0,0
06001406202,06001,Urban,4769,0,0
06001406300,06001,Urban,3989,0,0
06001406400,06001,Urban,2211,0,0
06001406500,06001,Urban,6196,0,0
06001406601,06001,Urban,4834,0,0
06001406602,06001,Urban,2554,0,0
06001406700,06001,Urban,5567,0,0
06001406800,06001,Urban,3569,0,0
06001406900,06001,Urban,3839,0,0
06001407000,06001,Urban,6079,0,0
06001407101,06001,Urban,3558,0,0
06001407102,06001,Urban,4382,0,0
06001407200,06001,Urban,6823,0,0
06001407300,06001,Urban,3943,0,0
06001407400,06001,Urban,4412,0,0
06001407500,06001,Urban,4383,0,0
06001407600,06001,Urban,6390,0,0
06001407700,06001,Urban,4465,0,0
06001407800,06001,Urban,2373,0,0
06001407900,06001,Urban,3081,0,0
06001408000,06001,Urban,2630,0,0
06001408100,06001,Urban,6712,1,0
06001408200,06001,Urban,4471,0,0
06001408300,06001,Urban,4791,0,0
06001408400,06001,Urban,3927,0,0
06001408500,06001,Urban,5752,0,0
06001408600,06001,Urban,6167,0,0
06001408700,06001,Urban,7774,0,0
06001408800,06001,Urban,7257,0,0
06001408900,06001,Urban,3857,0,0
06001409000,06001,Urban,4879,0,0
06001409100,06001,Urban,2472,0,0
06001409200,06001,Urban,3755,0,0
06001409300,06001,Urban,5701,0,0
06001409400,06001,Urban,5379,0,0
06001409500,06001,Urban,4390,0,0
06001409600,06001,Urban,5777,0,0
06001409700,06001,Urban,5523,0,0
06001409800,06001,Urban,3220,0,0
06001409900,06001,Urban,3546,1,0
06001410000,06001,Urban,3031,1,0
06001410100,06001,Urban,2925,0,0
06001410200,06001,Urban,3679,0,0
06001410300,06001,Urban,4036,0,0
06001410400,06001,Urban,4142,0,0
06001410500,06001,Urban,2553,0,0
06001420100,06001,Urban,2436,0,0
06001420200,06001,Urban,3234,0,0
06001420301,06001,Urban,2593,0,0
06001420302,06001,Urban,2426,0,0
06001420401,06001,Urban,1597,0,0
06001420402,06001,Urban,2155,1,1
06001420500,06001,Urban,2431,0,0
06001420600,06001,Urban,3399,0,0
06001421100,06001,Urban,2031,1,0
06001421200,06001,Urban,3657,0,0
06001421300,06001,Urban,3945,0,0
06001421400,06001,Urban,1679,0,0
06001421500,06001,Urban,3745,1,0
06001421600,06001,Urban,3836,1,0
06001421700,06001,Urban,3386,0,0
06001421800,06001,Urban,2110,0,0
06001421900,06001,Urban,3901,0,0
06001422000,06001,Urban,4160,0,0
06001422100,06001,Urban,2843,0,0
06001422200,06001,Urban,3322,0,0
06001422300,06001,Urban,3811,0,0
06001422400,06001,Urban,4134,0,0
06001422500,06001,Urban,5065,0,0
06001422700,06001,Urban,4868,0,0
06001422800,06001,Urban,11245,0,0
06001422901,06001,Urban,2322,0,0
06001422902,06001,Urban,3033,0,0
06001423000,06001,Urban,4676,0,0
06001423100,06001,Urban,4335,0,0
06001423200,06001,Urban,2886,0,0
06001423300,06001,Urban,3738,0,0
06001423400,06001,Urban,5057,0,0
06001423500,06001,Urban,3474,0,0
06001423601,06001,Urban,2824,0,0
06001423602,06001,Urban,5615,0,0
06001423700,06001,Urban,4234,0,0
06001423800,06001,Urban,3216,0,0
06001423901,06001,Urban,2031,0,0
06001423902,06001,Urban,1464,0,0
06001424001,06001,Urban,4146,0,0
06001424002,06001,Urban,2488,0,0
06001425101,06001,Urban,1853,1,0
06001425102,06001,Urban,3752,0,0
06001425103,06001,Urban,2926,0,0
06001425104,06001,Urban,4374,0,0
06001426100,06001,Urban,6364,1,0
06001426200,06001,Urban,4915,0,0
06001427100,06001,Urban,4063,0,0
06001427200,06001,Urban,4363,0,0
06001427300,06001,Urban,5719,0,0
06001427600,06001,Urban,4730,0,0
06001427700,06001,Urban,5016,0,0
06001427800,06001,Urban,4827,0,0
06001427900,06001,Urban,4744,0,0
06001428000,06001,Urban,2997,0,0
06001428100,06001,Urban,4880,0,0
06001428200,06001,Urban,6644,0,0
06001428301,06001,Urban,7044,0,0
06001428302,06001,Urban,7120,1,0
06001428400,06001,Urban,4645,0,0
06001428500,06001,Urban,3339,0,0
06001428600,06001,Urban,3398,1,0
06001428700,06001,Urban,4751,0,0
06001430101,06001,Urban,6747,1,0
06001430102,06001,Rural,2553,0,0
06001430200,06001,Urban,7477,1,0
06001430300,06001,Urban,3940,1,0
06001430400,06001,Urban,2207,1,0
06001430500,06001,Urban,6289,0,0
06001430600,06001,Urban,6385,1,0
06001430700,06001,Urban,4209,0,0
06001430800,06001,Urban,6165,0,0
06001430900,06001,Urban,5137,0,0
06001431000,06001,Urban,3091,0,0
06001431100,06001,Urban,3537,0,0
06001431200,06001,Urban,6091,0,0
06001432100,06001,Urban,4121,0,0
06001432200,06001,Urban,4231,0,0
06001432300,06001,Urban,4885,0,0
06001432400,06001,Urban,6279,0,0
06001432501,06001,Urban,5161,0,0
06001432502,06001,Urban,4641,0,0
06001432601,06001,Urban,4358,0,0
06001432602,06001,Urban,3214,0,0
06001432700,06001,Urban,2660,0,0
06001432800,06001,Urban,4121,1,0
06001433000,06001,Urban,4178,0,0
06001433102,06001,Urban,4124,0,0
06001433103,06001,Urban,3682,0,0
06001433104,06001,Urban,4125,0,0
06001433200,06001,Urban,7652,0,0
06001433300,06001,Urban,7448,0,0
06001433400,06001,Urban,6644,0,0
06001433500,06001,Urban,4557,0,0
06001433600,06001,Urban,6307,0,0
06001433700,06001,Urban,3515,0,0
06001433801,06001,Urban,3637,0,0
06001433802,06001,Urban,4365,0,0
06001433900,06001,Urban,6833,0,0
06001434000,06001,Urban,5564,0,0
06001435102,06001,Urban,5870,1,1
06001435103,06001,Rural,7726,0,0
06001435104,06001,Urban,7230,0,0
06001435200,06001,Urban,4504,1,0
06001435300,06001,Urban,5077,0,0
06001435400,06001,Urban,4940,0,0
06001435500,06001,Urban,4104,0,0
06001435601,06001,Urban,5454,0,0
06001435602,06001,Urban,5709,0,0
06001435700,06001,Urban,4904,0,0
06001435800,06001,Urban,5735,0,0
06001435900,06001,Urban,5431,0,0
06001436000,06001,Urban,5049,1,0
06001436100,06001,Urban,5745,0,0
06001436200,06001,Urban,4176,0,0
06001436301,06001,Urban,5785,0,0
06001436302,06001,Urban,3903,0,0
06001436402,06001,Urban,3007,1,0
06001436403,06001,Urban,4282,0,0
06001436404,06001,Urban,3609,1,0
06001436500,06001,Urban,5372,0,0
06001436601,06001,Urban,6761,0,0
06001436602,06001,Urban,5402,0,0
06001436700,06001,Urban,3689,0,0
06001436800,06001,Urban,4341,0,0
06001436900,06001,Urban,7099,0,0
06001437000,06001,Urban,3726,0,0
06001437101,06001,Urban,7532,1,0
06001437102,06001,Urban,4557,0,0
06001437200,06001,Urban,8696,0,0
06001437300,06001,Urban,3359,0,0
06001437400,06001,Urban,3508,0,0
06001437500,06001,Urban,4797,0,0
06001437600,06001,Urban,3398,0,0
06001437701,06001,Urban,3991,0,0
06001437702,06001,Urban,4404,0,0
06001437800,06001,Urban,4785,0,0
06001437900,06001,Urban,2426,0,0
06001438000,06001,Urban,3409,0,0
06001438100,06001,Urban,7807,0,0
06001438201,06001,Urban,4752,0,0
06001438203,06001,Urban,4200,0,0
06001438204,06001,Urban,5940,1,1
06001438300,06001,Urban,3865,0,0
06001438400,06001,Urban,2460,0,0
06001440100,06001,Urban,2656,1,0
06001440200,06001,Urban,5786,0,0
06001440301,06001,Urban,7129,0,0
06001440304,06001,Urban,4726,0,0
06001440305,06001,Urban,3682,1,0
06001440306,06001,Urban,4020,0,0
06001440307,06001,Urban,4459,1,0
06001440308,06001,Urban,5946,0,0
06001440331,06001,Urban,3323,0,0
06001440332,06001,Urban,3034,1,0
06001440333,06001,Urban,2787,0,0
06001440334,06001,Urban,4083,0,0
06001440336,06001,Urban,4583,0,0
06001440337,06001,Urban,2708,1,0
06001440338,06001,Urban,4305,1,0
06001441100,06001,Urban,4504,1,0
06001441200,06001,Urban,7277,1,0
06001441301,06001,Urban,3248,1,0
06001441302,06001,Urban,5661,0,0
06001441401,06001,Urban,7319,0,0
06001441402,06001,Urban,5293,1,0
06001441501,06001,Urban,5913,1,0
06001441503,06001,Urban,7763,0,0
06001441521,06001,Urban,5779,1,0
06001441522,06001,Urban,4868,0,0
06001441523,06001,Urban,4169,1,0
06001441524,06001,Urban,4040,1,0
06001441525,06001,Urban,1632,0,0
06001441601,06001,Urban,4641,0,0
06001441602,06001,Urban,7220,0,0
06001441701,06001,Urban,3846,0,0
06001441702,06001,Urban,5728,0,0
06001441800,06001,Urban,7195,0,0
06001441921,06001,Urban,3718,0,0
06001441923,06001,Urban,6333,0,0
06001441924,06001,Urban,7619,0,0
06001441926,06001,Urban,3836,0,0
06001441927,06001,Urban,4310,0,0
06001441928,06001,Urban,3392,0,0
06001441929,06001,Urban,3466,0,0
06001442000,06001,Urban,3236,1,0
06001442100,06001,Urban,5265,0,0
06001442200,06001,Urban,7454,1,0
06001442301,06001,Urban,5046,0,0
06001442302,06001,Urban,6417,0,0
06001442400,06001,Urban,6347,0,0
06001442501,06001,Urban,3543,0,0
06001442502,06001,Urban,3976,0,0
06001442601,06001,Urban,3854,0,0
06001442602,06001,Urban,5314,0,0
06001442700,06001,Urban,3141,0,0
06001442800,06001,Urban,2959,0,0
06001442900,06001,Urban,7661,0,0
06001443001,06001,Urban,2888,0,0
06001443002,06001,Urban,6650,0,0
06001443102,06001,Urban,4942,1,0
06001443103,06001,Urban,3972,1,0
06001443104,06001,Urban,5901,1,0
06001443105,06001,Urban,4687,1,0
06001443200,06001,Urban,3553,1,0
06001443301,06001,Urban,4134,1,0
06001443321,06001,Urban,3511,0,0
06001443322,06001,Urban,3191,1,0
06001444100,06001,Urban,7703,1,0
06001444200,06001,Urban,6451,0,0
06001444301,06001,Urban,3617,1,0
06001444303,06001,Rural,5,1,0
06001444304,06001,Urban,7202,0,0
06001444400,06001,Urban,5282,0,0
06001444500,06001,Urban,6414,0,0
06001444601,06001,Urban,6083,0,0
06001444602,06001,Urban,4777,0,0
06001450101,06001,Urban,6825,0,0
06001450102,06001,Urban,8660,1,0
06001450200,06001,Urban,6456,1,0
06001450300,06001,Urban,5548,0,0
06001450400,06001,Urban,7675,0,0
06001450501,06001,Urban,3278,0,0
06001450502,06001,Urban,5754,1,0
06001450601,06001,Rural,3480,0,0
06001450603,06001,Urban,4905,0,0
06001450604,06001,Urban,4898,0,0
06001450605,06001,Urban,3937,0,0
06001450606,06001,Urban,6026,1,0
06001450607,06001,Urban,6054,0,0
06001450608,06001,Urban,4141,1,0
06001450609,06001,Urban,4849,1,0
06001450701,06001,Urban,8271,1,0
06001450741,06001,Urban,5482,0,0
06001450742,06001,Urban,5439,0,0
06001450743,06001,Urban,8901,0,0
06001450744,06001,Urban,5987,0,0
06001450745,06001,Urban,6374,1,0
06001450746,06001,Urban,3238,0,0
06001450750,06001,Urban,6790,0,0
06001450751,06001,Urban,12411,1,0
06001450752,06001,Urban,9846,1,0
06001451102,06001,Urban,3955,1,0
06001451103,06001,Rural,1480,0,0
06001451104,06001,Urban,7028,1,0
06001451201,06001,Urban,7271,0,0
06001451202,06001,Rural,5781,0,0
06001451300,06001,Urban,6435,1,0
06001451401,06001,Urban,6053,0,0
06001451403,06001,Urban,2175,0,0
06001451404,06001,Urban,6613,0,0
06001451501,06001,Urban,4920,1,0
06001451503,06001,Urban,6520,0,0
06001451504,06001,Urban,1657,0,0
06001451505,06001,Urban,3177,1,0
06001451506,06001,Urban,3123,1,0
06001451601,06001,Urban,5003,1,0
06001451602,06001,Urban,6631,0,0
06001451701,06001,Urban,3270,0,0
06001451703,06001,Urban,3952,1,0
06001451704,06001,Urban,4572,1,0
06001981900,06001,Urban,49,1,0
06001982000,06001,Urban,206,0,0
06001982100,06001,Urban,1044,0,0
06001983200,06001,Urban,834,0,0
06003010000,06003,Rural,1204,1,0
06005000101,06005,Rural,4009,0,0
06005000102,06005,Rural,1892,0,0
06005000201,06005,Rural,3156,0,0
06005000202,06005,Rural,1768,0,0
06005000301,06005,Rural,5726,0,0
06005000303,06005,Rural,6321,0,0
06005000304,06005,Rural,4297,0,0
06005000401,06005,Rural,5146,0,0
06005000402,06005,Rural,4928,0,0
06005000500,06005,Rural,3231,0,0
06007000102,06007,Urban,4202,0,0
06007000103,06007,Urban,6087,0,0
06007000104,06007,Urban,6153,0,0
06007000201,06007,Urban,4470,0,0
06007000202,06007,Urban,4029,0,0
06007000300,06007,Urban,4740,0,0
06007000401,06007,Urban,5099,1,0
06007000403,06007,Urban,3429,0,0
06007000404,06007,Urban,4070,1,0
06007000501,06007,Urban,4939,1,0
06007000502,06007,Urban,4900,0,0
06007000601,06007,Urban,3386,0,0
06007000603,06007,Urban,3450,0,0
06007000604,06007,Urban,4571,0,0
06007000700,06007,Urban,5081,0,0
06007000800,06007,Urban,5626,1,0
06007000901,06007,Urban,2799,1,0
06007000903,06007,Urban,7042,0,0
06007000904,06007,Urban,6331,1,0
06007001000,06007,Urban,4979,0,0
06007001100,06007,Rural,4568,0,0
06007001200,06007,Urban,3488,0,0
06007001300,06007,Urban,4079,0,0
06007001400,06007,Rural,6143,0,0
06007001500,06007,Rural,5504,0,0
06007001601,06007,Rural,1712,0,0
06007001602,06007,Rural,3740,0,0
06007001702,06007,Urban,3574,1,1
06007001703,06007,Urban,1741,1,1
06007001704,06007,Rural,3261,0,0
06007001800,06007,Rural,840,0,0
06007001900,06007,Rural,675,0,0
06007002000,06007,Rural,886,0,0
06007002100,06007,Rural,926,0,0
06007002200,06007,Rural,1799,0,0
06007002300,06007,Rural,1851,0,0
06007002401,06007,Rural,1418,0,0
06007002402,06007,Rural,3555,1,1
06007002500,06007,Rural,5008,0,0
06007002601,06007,Urban,2474,1,0
06007002602,06007,Urban,3980,1,0
06007002700,06007,Urban,5833,1,1
06007002800,06007,Urban,4718,0,0
06007002900,06007,Urban,3315,1,1
06007003001,06007,Urban,3141,0,0
06007003002,06007,Urban,3508,0,0
06007003100,06007,Urban,4575,1,0
06007003200,06007,Rural,4352,0,0
06007003300,06007,Rural,5071,0,0
06007003400,06007,Rural,2921,0,0
06007003501,06007,Urban,3716,1,1
06007003502,06007,Urban,5060,1,1
06007003600,06007,Rural,3568,0,0
06007003700,06007,Urban,5249,1,1
06009000121,06009,Rural,4354,0,0
06009000122,06009,Rural,3839,0,0
06009000123,06009,Rural,2690,0,0
06009000124,06009,Rural,2314,0,0
06009000220,06009,Rural,5849,0,0
06009000221,06009,Rural,5691,0,0
06009000222,06009,Rural,4397,0,0
06009000301,06009,Rural,4186,0,0
06009000302,06009,Rural,2172,0,0
06009000400,06009,Rural,3862,0,0
06009000501,06009,Rural,3214,0,0
06009000504,06009,Rural,758,0,0
06009000505,06009,Rural,1208,0,0
06009000506,06009,Rural,758,0,0
06011000100,06011,Rural,5389,0,0
06011000200,06011,Rural,5151,0,0
06011000301,06011,Urban,4141,0,0
06011000302,06011,Rural,2204,0,0
06011000400,06011,Rural,2270,0,0
06011000500,06011,Urban,2684,0,0
06013301000,06013,Urban,5514,1,1
06013302005,06013,Urban,7134,0,0
06013302006,06013,Urban,4032,1,0
06013302007,06013,Urban,7412,0,0
06013302009,06013,Urban,7817,1,1
06013302011,06013,Urban,5401,1,1
06013302012,06013,Urban,5348,1,0
06013302013,06013,Urban,3359,0,0
06013302014,06013,Urban,7906,1,0
06013303104,06013,Urban,7206,1,0
06013303105,06013,Urban,3356,1,0
06013303106,06013,Urban,7021,1,1
06013303107,06013,Urban,6966,0,0
06013303202,06013,Urban,9125,1,0
06013303204,06013,Urban,4860,0,0
06013303206,06013,Urban,4700,1,0
06013303207,06013,Urban,6600,0,0
06013303208,06013,Urban,3955,1,0
06013303209,06013,Urban,5403,1,0
06013303210,06013,Urban,3815,1,0
06013303211,06013,Urban,4958,1,0
06013304001,06013,Urban,5748,1,0
06013304002,06013,Urban,1293,1,1
06013304003,06013,Urban,3550,1,0
06013304004,06013,Urban,3621,1,0
06013304006,06013,Urban,3987,1,0
06013304007,06013,Urban,4706,1,0
06013305000,06013,Urban,7064,0,0
06013306002,06013,Urban,3678,1,1
06013306003,06013,Urban,5615,0,0
06013306004,06013,Urban,3667,0,0
06013307101,06013,Urban,4554,0,0
06013307102,06013,Urban,5824,0,0
06013307201,06013,Urban,3794,0,0
06013307202,06013,Urban,4355,0,0
06013307204,06013,Urban,4526,0,0
06013307205,06013,Urban,7484,1,1
06013308001,06013,Urban,7770,0,0
06013308002,06013,Urban,5289,1,1
06013309000,06013,Urban,3699,0,0
06013310000,06013,Urban,6106,1,1
06013311000,06013,Urban,5668,0,0
06013312000,06013,Urban,2974,0,0
06013313102,06013,Urban,4581,0,0
06013313104,06013,Urban,2685,0,0
06013313105,06013,Urban,6559,0,0
06013313106,06013,Urban,5879,1,0
06013313107,06013,Urban,3071,0,0
06013313203,06013,Urban,3354,1,0
06013313204,06013,Urban,5704,0,0
06013313205,06013,Urban,1822,1,1
06013313206,06013,Urban,6342,0,0
06013314102,06013,Urban,6812,0,0
06013314103,06013,Urban,5513,0,0
06013314105,06013,Urban,4540,0,0
06013314106,06013,Urban,3744,0,0
06013314200,06013,Urban,7168,0,0
06013315000,06013,Urban,3434,1,0
06013316000,06013,Urban,1605,0,0
06013317000,06013,Urban,2078,0,0
06013318000,06013,Urban,3442,0,0
06013319001,06013,Urban,4093,0,0
06013319002,06013,Urban,4179,0,0
06013320001,06013,Urban,3626,0,0
06013320003,06013,Urban,2801,0,0
06013320004,06013,Urban,7038,1,0
06013321101,06013,Urban,6498,1,0
06013321102,06013,Urban,6826,1,0
06013321103,06013,Urban,4779,1,0
06013321200,06013,Urban,5589,0,0
06013322000,06013,Urban,6528,0,0
06013323000,06013,Urban,4622,0,0
06013324002,06013,Urban,5519,0,0
06013324003,06013,Urban,3123,0,0
06013324004,06013,Urban,2811,0,0
06013325000,06013,Urban,5733,0,0
06013326000,06013,Urban,3508,0,0
06013327001,06013,Urban,3448,0,0
06013327002,06013,Urban,4276,0,0
06013328000,06013,Urban,2411,0,0
06013329000,06013,Urban,6579,0,0
06013330000,06013,Urban,5587,0,0
06013331000,06013,Urban,7337,0,0
06013332000,06013,Urban,7719,0,0
06013333101,06013,Urban,4212,1,1
06013333102,06013,Urban,4090,1,0
06013333200,06013,Urban,5961,0,0
06013334001,06013,Urban,3991,0,0
06013334006,06013,Urban,4880,1,0
06013334007,06013,Urban,3867,0,0
06013334008,06013,Urban,4114,0,0
06013334200,06013,Urban,7194,1,0
06013335000,06013,Urban,3463,0,0
06013336101,06013,Urban,4808,0,0
06013336103,06013,Urban,4131,0,0
06013336104,06013,Urban,3321,0,0
06013336201,06013,Urban,4062,0,0
06013336202,06013,Urban,5720,0,0
06013337100,06013,Urban,3238,1,0
06013337201,06013,Urban,2602,0,0
06013337202,06013,Urban,4999,1,1
06013337300,06013,Urban,6147,1,0
06013338101,06013,Urban,5161,0,0
06013338102,06013,Urban,3498,1,0
06013338201,06013,Urban,3814,0,0
06013338203,06013,Urban,5379,0,0
06013338204,06013,Urban,6234,0,0
06013338301,06013,Urban,3063,1,0
06013338302,06013,Urban,5981,1,0
06013339001,06013,Urban,3663,0,0
06013339003,06013,Urban,4065,0,0
06013339004,06013,Urban,3598,0,0
06013340001,06013,Urban,6419,0,0
06013340003,06013,Urban,3644,1,0
06013340004,06013,Urban,4067,1,0
06013341000,06013,Urban,5374,1,0
06013343001,06013,Urban,5059,1,0
06013343002,06013,Urban,4640,1,0
06013343003,06013,Urban,4045,1,0
06013345101,06013,Urban,6264,0,0
06013345102,06013,Urban,4226,1,0
06013345103,06013,Urban,5270,1,0
06013345105,06013,Urban,6484,1,0
06013345111,06013,Urban,5990,1,0
06013345112,06013,Urban,8830,1,0
06013345113,06013,Urban,4627,1,0
06013345114,06013,Urban,6591,1,0
06013345115,06013,Rural,6309,0,0
06013345116,06013,Urban,2982,0,0
06013345117,06013,Urban,4182,1,0
06013345118,06013,Urban,4141,1,0
06013345203,06013,Urban,6966,1,0
06013345204,06013,Urban,3669,1,0
06013345205,06013,Urban,5775,1,0
06013345206,06013,Urban,3496,1,0
06013346101,06013,Urban,3555,1,0
06013346102,06013,Urban,5748,1,0
06013346203,06013,Urban,3966,1,0
06013346204,06013,Urban,7334,1,0
06013346205,06013,Urban,4077,1,0
06013346206,06013,Urban,3596,1,0
06013347000,06013,Urban,6230,1,0
06013348000,06013,Urban,4835,1,0
06013349000,06013,Urban,5151,1,0
06013350000,06013,Urban,6224,1,0
06013351101,06013,Urban,2898,1,1
06013351103,06013,Urban,2113,1,0
06013351104,06013,Urban,1964,1,1
06013351105,06013,Urban,1723,1,1
06013351200,06013,Urban,5953,1,0
06013352101,06013,Urban,3344,1,0
06013352102,06013,Urban,5724,1,0
06013352201,06013,Urban,6266,1,0
06013352202,06013,Urban,2559,1,0
06013353001,06013,Urban,4256,1,0
06013353002,06013,Urban,4310,1,0
06013354001,06013,Urban,1958,1,0
06013354002,06013,Urban,7200,1,0
06013355107,06013,Urban,5793,1,0
06013355109,06013,Urban,7167,0,0
06013355110,06013,Urban,4434,1,0
06013355111,06013,Urban,6685,1,1
06013355112,06013,Urban,5636,1,0
06013355113,06013,Urban,5000,1,0
06013355115,06013,Urban,10242,1,0
06013355118,06013,Urban,4302,1,0
06013355119,06013,Urban,4788,1,0
06013355120,06013,Urban,4248,0,0
06013355121,06013,Urban,7053,1,0
06013355122,06013,Urban,5006,1,0
06013355123,06013,Urban,2957,1,0
06013355124,06013,Urban,4604,1,0
06013355125,06013,Urban,4261,1,0
06013355126,06013,Rural,5496,0,0
06013355201,06013,Urban,9199,1,0
06013355202,06013,Urban,3689,0,0
06013355302,06013,Urban,3464,1,0
06013355306,06013,Urban,5000,1,0
06013355307,06013,Urban,4445,1,0
06013355308,06013,Urban,3550,0,0
06013355309,06013,Urban,4735,1,0
06013355310,06013,Urban,3197,0,0
06013356001,06013,Urban,3908,1,1
06013356002,06013,Rural,5481,0,0
06013357000,06013,Urban,3202,0,0
06013358000,06013,Urban,6237,0,0
06013359102,06013,Urban,5496,0,0
06013359103,06013,Urban,5269,0,0
06013359104,06013,Urban,2116,0,0
06013359105,06013,Urban,5276,1,0
06013359202,06013,Urban,6130,1,0
06013359203,06013,Urban,7013,1,0
06013359204,06013,Urban,4711,1,0
06013360101,06013,Urban,4855,1,0
06013360102,06013,Urban,4381,1,0
06013360200,06013,Urban,5094,1,0
06013361000,06013,Rural,4763,0,0
06013362000,06013,Urban,2961,0,0
06013363000,06013,Urban,7612,0,0
06013364002,06013,Urban,5868,1,0
06013365002,06013,Urban,6085,0,0
06013365003,06013,Urban,5215,0,0
06013366001,06013,Urban,4594,0,0
06013366002,06013,Urban,6525,0,0
06013367100,06013,Urban,5941,0,0
06013367200,06013,Urban,5754,0,0
06013368001,06013,Urban,5467,0,0
06013368002,06013,Urban,4148,0,0
06013369001,06013,Urban,6771,0,0
06013369002,06013,Urban,2839,0,0
06013370000,06013,Urban,2953,0,0
06013371000,06013,Urban,5995,0,0
06013372000,06013,Urban,8009,0,0
06013373000,06013,Urban,4711,0,0
06013374000,06013,Urban,4994,0,0
06013375000,06013,Urban,4869,0,0
06013376000,06013,Urban,6941,0,0
06013377000,06013,Urban,7725,0,0
06013378000,06013,Urban,3892,1,0
06013379000,06013,Urban,7255,0,0
06013380001,06013,Urban,3773,1,0
06013380002,06013,Urban,3649,0,0
06013381000,06013,Urban,7261,0,0
06013382000,06013,Urban,8334,0,0
06013383000,06013,Urban,4969,0,0
06013384000,06013,Urban,4180,0,0
06013385100,06013,Urban,2886,1,0
06013385200,06013,Urban,1453,0,0
06013386000,06013,Urban,3500,0,0
06013387000,06013,Urban,2993,0,0
06013388000,06013,Urban,2819,0,0
06013389100,06013,Urban,2434,0,0
06013389200,06013,Urban,1907,0,0
06013390100,06013,Urban,2376,0,0
06013390200,06013,Urban,1860,0,0
06013391000,06013,Urban,2737,0,0
06013392000,06013,Urban,2609,0,0
06013392201,06013,Urban,5945,1,1
06013392202,06013,Urban,4889,0,0
06013392300,06013,Urban,3742,1,0
06013980000,06013,Urban,491,1,0
06015000101,06015,Urban,3687,0,0
06015000102,06015,Urban,3765,1,0
06015000104,06015,Urban,2081,0,0
06015000106,06015,Rural,3687,0,0
06015000107,06015,Urban,3461,1,1
06015000201,06015,Rural,6138,0,0
06015000202,06015,Rural,3719,0,0
06015000203,06015,Rural,1205,0,0
06017030201,06017,Urban,2253,1,0
06017030202,06017,Urban,2141,1,0
06017030301,06017,Urban,2703,0,0
06017030302,06017,Urban,2903,0,0
06017030402,06017,Urban,3847,0,0
06017030403,06017,Urban,1391,1,0
06017030404,06017,Urban,2117,0,0
06017030502,06017,Rural,2768,0,0
06017030504,06017,Rural,2579,0,0
06017030506,06017,Urban,1009,1,0
06017030507,06017,Urban,1717,1,0
06017030601,06017,Rural,5087,0,0
06017030603,06017,Rural,3401,1,0
06017030604,06017,Rural,814,0,0
06017030605,06017,Rural,1696,0,0
06017030606,06017,Rural,4141,0,0
06017030701,06017,Urban,6177,1,0
06017030706,06017,Urban,6563,1,0
06017030709,06017,Urban,5065,1,0
06017030710,06017,Urban,5947,1,0
06017030711,06017,Urban,6518,1,0
06017030712,06017,Rural,5114,0,0
06017030801,06017,Rural,4347,0,0
06017030804,06017,Urban,6695,1,0
06017030807,06017,Urban,4044,1,0
06017030808,06017,Urban,6726,1,0
06017030809,06017,Urban,2557,1,0
06017030810,06017,Urban,3644,1,0
06017030811,06017,Urban,1689,0,0
06017030812,06017,Urban,5814,1,0
06017030901,06017,Rural,3158,0,0
06017030902,06017,Rural,4829,0,0
06017031000,06017,Urban,6314,1,1
06017031100,06017,Urban,5634,1,1
06017031200,06017,Urban,5157,1,0
06017031301,06017,Rural,3403,0,0
06017031302,06017,Rural,4815,0,0
06017031404,06017,Rural,2508,0,0
06017031405,06017,Rural,2484,0,0
06017031406,06017,Rural,5526,0,0
06017031407,06017,Rural,1259,0,0
06017031408,06017,Rural,2137,0,0
06017031409,06017,Rural,2395,1,1
06017031503,06017,Rural,2818,0,0
06017031504,06017,Rural,5556,0,0
06017031505,06017,Urban,3366,1,0
06017031506,06017,Urban,2703,1,0
06017031601,06017,Urban,2077,0,0
06017031602,06017,Urban,1928,1,0
06017031700,06017,Urban,3660,1,0
06017031800,06017,Urban,6896,1,0
06017031900,06017,Rural,155,1,0
06017032001,06017,Urban,672,1,0
06017032002,06017,Rural,268,1,1
06017990000,06017,Rural,0,,0
06019000100,06019,Urban,3840,0,0
06019000200,06019,Urban,3251,0,0
06019000300,06019,Urban,3755,0,0
06019000400,06019,Urban,5384,0,0
06019000501,06019,Urban,2580,0,0
06019000502,06019,Urban,3357,0,0
06019000601,06019,Urban,4673,0,0
06019000602,06019,Urban,1612,0,0
06019000701,06019,Urban,2645,0,0
06019000702,06019,Urban,1439,1,1
06019000901,06019,Rural,2852,0,0
06019000902,06019,Urban,5263,0,0
06019001000,06019,Urban,4731,0,0
06019001100,06019,Urban,3185,0,0
06019001201,06019,Urban,5944,0,0
06019001202,06019,Urban,4753,0,0
06019001301,06019,Urban,5471,0,0
06019001303,06019,Urban,2537,0,0
06019001304,06019,Urban,5496,0,0
06019001407,06019,Urban,4908,0,0
06019001408,06019,Urban,2266,0,0
06019001409,06019,Urban,2357,1,0
06019001411,06019,Urban,6946,0,0
06019001412,06019,Urban,3215,1,0
06019001413,06019,Urban,8006,1,0
06019001415,06019,Urban,5368,1,1
06019001416,06019,Urban,7149,1,0
06019001417,06019,Urban,6790,1,0
06019001418,06019,Urban,2220,0,0
06019001500,06019,Urban,2129,1,1
06019001600,06019,Rural,5340,0,0
06019001700,06019,Rural,6092,0,0
06019001800,06019,Rural,4363,0,0
06019002000,06019,Urban,6452,0,0
06019002100,06019,Urban,5566,0,0
06019002200,06019,Urban,3702,0,0
06019002300,06019,Urban,3577,0,0
06019002400,06019,Urban,4862,0,0
06019002501,06019,Urban,5169,0,0
06019002502,06019,Urban,4657,0,0
06019002601,06019,Urban,5736,0,0
06019002602,06019,Urban,3359,0,0
06019002701,06019,Urban,4541,0,0
06019002702,06019,Urban,5594,0,0
06019002800,06019,Urban,5444,0,0
06019002903,06019,Urban,4081,0,0
06019002904,06019,Urban,3042,0,0
06019002905,06019,Urban,3109,0,0
06019002906,06019,Urban,5491,0,0
06019003001,06019,Urban,3142,0,0
06019003003,06019,Urban,4216,0,0
06019003004,06019,Urban,2509,0,0
06019003102,06019,Urban,7528,0,0
06019003103,06019,Urban,6064,0,0
06019003104,06019,Urban,4184,1,1
06019003201,06019,Urban,4764,0,0
06019003202,06019,Urban,5594,0,0
06019003301,06019,Urban,3673,0,0
06019003302,06019,Urban,4918,0,0
06019003401,06019,Urban,3533,0,0
06019003402,06019,Urban,2332,0,0
06019003500,06019,Urban,5734,0,0
06019003600,06019,Urban,4062,0,0
06019003701,06019,Urban,3583,0,0
06019003702,06019,Urban,5085,0,0
06019003804,06019,Urban,6173,0,0
06019003805,06019,Urban,7318,0,0
06019003807,06019,Urban,3670,0,0
06019003808,06019,Urban,5241,1,0
06019003809,06019,Urban,5300,0,0
06019003810,06019,Urban,5632,0,0
06019003811,06019,Urban,8690,1,0
06019003812,06019,Rural,2411,0,0
06019003900,06019,Urban,5024,1,1
06019004003,06019,Urban,4761,1,0
06019004004,06019,Urban,4399,1,1
06019004005,06019,Urban,4643,1,1
06019004006,06019,Urban,2989,0,0
06019004100,06019,Rural,3225,0,0
06019004205,06019,Urban,6433,0,0
06019004208,06019,Urban,6933,1,0
06019004210,06019,Urban,3770,0,0
06019004211,06019,Urban,6899,1,1
06019004212,06019,Urban,12943,1,0
06019004213,06019,Urban,3335,0,0
06019004214,06019,Urban,4879,0,0
06019004215,06019,Urban,4726,1,0
06019004216,06019,Urban,4338,0,0
06019004217,06019,Urban,3983,0,0
06019004218,06019,Urban,7709,1,0
06019004301,06019,Urban,4181,1,0
06019004302,06019,Urban,4918,0,0
06019004303,06019,Urban,4312,0,0
06019004404,06019,Urban,3554,0,0
06019004405,06019,Urban,3935,0,0
06019004406,06019,Urban,5405,0,0
06019004409,06019,Urban,3467,1,0
06019004410,06019,Urban,2342,0,0
06019004411,06019,Urban,1488,1,0
06019004503,06019,Urban,4987,0,0
06019004504,06019,Urban,5215,0,0
06019004505,06019,Urban,5164,0,0
06019004506,06019,Urban,3387,0,0
06019004601,06019,Urban,2931,0,0
06019004602,06019,Urban,2552,0,0
06019004703,06019,Urban,4155,0,0
06019004704,06019,Urban,5355,0,0
06019004705,06019,Urban,2210,0,0
06019004706,06019,Urban,4676,0,0
06019004801,06019,Urban,4595,0,0
06019004802,06019,Urban,5047,0,0
06019004901,06019,Urban,4347,0,0
06019004902,06019,Urban,1905,0,0
06019005000,06019,Urban,4200,0,0
06019005100,06019,Urban,6032,0,0
06019005202,06019,Urban,3536,0,0
06019005203,06019,Urban,4628,0,0
06019005204,06019,Urban,4242,0,0
06019005301,06019,Urban,6011,0,0
06019005302,06019,Urban,5463,0,0
06019005304,06019,Urban,5344,0,0
06019005305,06019,Urban,3766,0,0
06019005403,06019,Urban,4268,0,0
06019005405,06019,Urban,4407,0,0
06019005406,06019,Urban,3976,0,0
06019005407,06019,Urban,3122,0,0
06019005408,06019,Urban,1908,0,0
06019005409,06019,Urban,3738,0,0
06019005410,06019,Urban,3417,0,0
06019005503,06019,Urban,6643,1,0
06019005504,06019,Urban,3496,1,0
06019005505,06019,Urban,6685,0,0
06019005507,06019,Urban,6097,0,0
06019005508,06019,Urban,5974,0,0
06019005509,06019,Urban,5622,0,0
06019005512,06019,Urban,5444,1,0
06019005513,06019,Urban,3008,1,0
06019005514,06019,Urban,3855,1,0
06019005515,06019,Rural,1637,0,0
06019005516,06019,Urban,5722,0,0
06019005518,06019,Urban,7318,1,0
06019005520,06019,Urban,3419,1,0
06019005522,06019,Urban,4792,1,0
06019005524,06019,Urban,4727,1,0
06019005525,06019,Rural,1392,0,0
06019005526,06019,Urban,1595,0,0
06019005527,06019,Urban,3381,0,0
06019005528,06019,Urban,1583,0,0
06019005529,06019,Urban,6014,0,0
06019005602,06019,Urban,5649,0,0
06019005605,06019,Urban,1465,0,0
06019005606,06019,Urban,4175,0,0
06019005607,06019,Urban,4438,0,0
06019005608,06019,Urban,3193,0,0
06019005701,06019,Urban,3758,0,0
06019005702,06019,Urban,5412,1,0
06019005703,06019,Urban,5066,1,0
06019005704,06019,Urban,5392,0,0
06019005801,06019,Urban,5395,0,0
06019005802,06019,Urban,4805,0,0
06019005804,06019,Urban,6620,0,0
06019005805,06019,Urban,8910,1,0
06019005904,06019,Rural,6935,0,0
06019005906,06019,Rural,2135,0,0
06019005907,06019,Urban,3637,1,0
06019005911,06019,Urban,7259,1,0
06019005912,06019,Urban,10640,1,0
06019005913,06019,Urban,3149,1,0
06019005914,06019,Urban,4726,1,0
06019005915,06019,Rural,4613,0,0
06019005916,06019,Rural,3030,0,0
06019006001,06019,Urban,6090,1,0
06019006002,06019,Urban,4406,0,0
06019006101,06019,Urban,3293,1,0
06019006102,06019,Urban,4729,0,0
06019006201,06019,Urban,2680,0,0
06019006202,06019,Urban,7057,1,1
06019006301,06019,Rural,5081,0,0
06019006302,06019,Rural,2227,0,0
06019006405,06019,Rural,5185,0,0
06019006406,06019,Rural,2119,0,0
06019006407,06019,Rural,2703,1,0
06019006408,06019,Rural,1160,1,1
06019006409,06019,Rural,1570,0,0
06019006410,06019,Rural,2441,0,0
06019006411,06019,Rural,3969,0,0
06019006501,06019,Urban,6295,1,1
06019006502,06019,Urban,4489,1,1
06019006602,06019,Urban,5912,0,0
06019006603,06019,Urban,2179,0,0
06019006605,06019,Urban,1723,0,0
06019006606,06019,Urban,5579,0,0
06019006700,06019,Urban,7141,1,1
06019006802,06019,Rural,3666,0,0
06019006900,06019,Rural,2789,0,0
06019007002,06019,Urban,4831,0,0
06019007003,06019,Urban,8006,0,0
06019007004,06019,Urban,6042,0,0
06019007101,06019,Urban,6262,0,0
06019007102,06019,Urban,1670,0,0
06019007202,06019,Urban,5292,0,0
06019007203,06019,Urban,1871,1,0
06019007204,06019,Urban,6433,1,1
06019007300,06019,Rural,4422,0,0
06019007400,06019,Rural,3213,0,0
06019007500,06019,Rural,5393,0,0
06019007600,06019,Rural,4594,0,0
06019007700,06019,Rural,5691,0,0
06019007801,06019,Rural,2474,0,0
06019007802,06019,Rural,4902,0,0
06019007903,06019,Rural,7077,0,0
06019008000,06019,Urban,4918,0,0
06019008100,06019,Urban,6518,1,1
06019008200,06019,Rural,6506,0,0
06019008301,06019,Urban,5828,0,0
06019008303,06019,Urban,4052,0,0
06019008304,06019,Urban,4387,1,1
06019008402,06019,Rural,1047,0,0
06019008403,06019,Urban,1805,1,1
06019008404,06019,Urban,3638,0,0
06019008405,06019,Urban,3121,1,1
06019008501,06019,Rural,3880,0,0
06019008503,06019,Urban,4999,0,0
06019008504,06019,Rural,3670,0,0
06019008600,06019,Rural,3993,0,0
06021010101,06021,Urban,4841,0,0
06021010102,06021,Urban,4384,1,1
06021010200,06021,Urban,4967,1,1
06021010300,06021,Rural,2202,0,0
06021010401,06021,Urban,1564,0,0
06021010402,06021,Urban,6313,0,0
06021010501,06021,Rural,3189,0,0
06021010502,06021,Rural,1457,1,0
06023000100,06023,Urban,4752,0,0
06023000200,06023,Urban,6020,0,0
06023000300,06023,Urban,5520,0,0
06023000400,06023,Urban,4100,1,1
06023000500,06023,Urban,3626,0,0
06023000600,06023,Urban,4977,0,0
06023000700,06023,Urban,5496,1,0
06023000800,06023,Urban,4868,1,1
06023000900,06023,Rural,5149,0,0
06023001001,06023,Urban,2865,0,0
06023001002,06023,Urban,3285,0,0
06023001102,06023,Urban,5124,1,1
06023001103,06023,Urban,1889,0,0
06023001200,06023,Rural,5141,0,0
06023001300,06023,Urban,1433,1,1
06023010102,06023,Rural,2914,0,0
06023010200,06023,Rural,2921,0,0
06023010300,06023,Rural,3496,0,0
06023010400,06023,Urban,3814,1,0
06023010502,06023,Urban,5577,1,1
06023010503,06023,Urban,3858,0,0
06023010504,06023,Urban,3438,0,0
06023010600,06023,Rural,1849,0,0
06023010701,06023,Urban,4341,1,0
06023010702,06023,Rural,2570,0,0
06023010800,06023,Rural,4910,0,0
06023010901,06023,Urban,4725,1,1
06023010902,06023,Rural,4074,1,0
06023011000,06023,Urban,4625,0,0
06023011100,06023,Rural,4724,1,1
06023011200,06023,Rural,3275,0,0
06023011501,06023,Rural,2474,1,1
06023011502,06023,Rural,1638,1,1
06023011600,06023,Rural,3822,1,1
06023940000,06023,Rural,3173,0,0
06025010101,06025,Rural,3499,0,0
06025010102,06025,Rural,4738,0,0
06025010200,06025,Rural,2293,0,0
06025010300,06025,Urban,802,1,1
06025010401,06025,Urban,2748,0,0
06025010402,06025,Urban,4367,1,1
06025010500,06025,Urban,6714,0,0
06025010600,06025,Urban,7985,0,0
06025010700,06025,Urban,4713,0,0
06025010800,06025,Rural,1297,0,0
06025010900,06025,Urban,6403,1,1
06025011001,06025,Rural,6362,0,0
06025011002,06025,Urban,9436,1,0
06025011100,06025,Rural,3293,0,0
06025011201,06025,Urban,8254,1,1
06025011202,06025,Urban,5508,0,0
06025011301,06025,Urban,3549,1,1
06025011302,06025,Urban,1672,1,1
06025011303,06025,Rural,4551,0,0
06025011400,06025,Urban,4476,0,0
06025011500,06025,Urban,6059,0,0
06025011600,06025,Urban,6615,0,0
06025011700,06025,Urban,5046,0,0
06025011801,06025,Urban,3982,1,0
06025011802,06025,Urban,5245,0,0
06025011803,06025,Rural,6175,0,0
06025011901,06025,Urban,2289,1,1
06025011902,06025,Urban,3927,0,0
06025011903,06025,Rural,5400,0,0
06025012001,06025,Urban,3801,0,0
06025012003,06025,Urban,3882,1,0
06025012004,06025,Urban,5935,1,1
06025012101,06025,Urban,3563,0,0
06025012102,06025,Urban,3455,0,0
06025012201,06025,Urban,4139,0,0
06025012202,06025,Urban,3294,0,0
06025012301,06025,Rural,4493,0,0
06025012302,06025,Rural,6288,0,0
06025012400,06025,Rural,756,1,1
06025940000,06025,Rural,2698,0,0
06027000100,06027,Urban,2943,1,1
06027000200,06027,Rural,1698,0,0
06027000300,06027,Urban,2642,1,0
06027000400,06027,Urban,5792,0,0
06027000500,06027,Rural,2606,0,0
06027000800,06027,Rural,3335,1,1
06029000102,06029,Urban,3422,0,0
06029000103,06029,Urban,3816,0,0
06029000104,06029,Urban,1654,1,1
06029000105,06029,Urban,5340,0,0
06029000106,06029,Urban,2665,1,1
06029000201,06029,Urban,4449,0,0
06029000202,06029,Urban,3797,0,0
06029000300,06029,Urban,4630,0,0
06029000400,06029,Urban,4757,0,0
06029000504,06029,Urban,4615,0,0
06029000505,06029,Urban,3738,1,0
06029000506,06029,Urban,2323,0,0
06029000507,06029,Urban,3757,1,0
06029000508,06029,Urban,1920,0,0
06029000509,06029,Urban,2659,1,1
06029000510,06029,Urban,4223,1,0
06029000601,06029,Urban,2453,0,0
06029000602,06029,Urban,2939,0,0
06029000603,06029,Urban,2316,0,0
06029000701,06029,Urban,2927,0,0
06029000702,06029,Urban,2504,0,0
06029000800,06029,Urban,5600,0,0
06029000902,06029,Urban,3891,0,0
06029000903,06029,Urban,4347,0,0
06029000904,06029,Urban,4239,0,0
06029000905,06029,Urban,2631,0,0
06029000906,06029,Urban,4504,0,0
06029000907,06029,Urban,2600,0,0
06029000908,06029,Urban,5429,1,0
06029000909,06029,Urban,2618,0,0
06029000911,06029,Urban,2756,0,0
06029000912,06029,Rural,3349,0,0
06029000913,06029,Urban,3743,1,0
06029000914,06029,Rural,4129,0,0
06029001001,06029,Rural,3743,0,0
06029001002,06029,Urban,3441,0,0
06029001003,06029,Urban,3692,0,0
06029001101,06029,Urban,5368,0,0
06029001104,06029,Urban,2876,0,0
06029001105,06029,Urban,3652,0,0
06029001106,06029,Urban,2279,0,0
06029001107,06029,Urban,2647,0,0
06029001201,06029,Urban,2892,0,0
06029001202,06029,Urban,6099,0,0
06029001301,06029,Urban,5276,0,0
06029001302,06029,Urban,2451,0,0
06029001401,06029,Urban,4750,0,0
06029001402,06029,Urban,3088,0,0
06029001500,06029,Urban,2944,0,0
06029001600,06029,Urban,2510,0,0
06029001700,06029,Urban,4299,0,0
06029001801,06029,Urban,5514,0,0
06029001803,06029,Urban,2754,1,0
06029001804,06029,Urban,3144,0,0
06029001901,06029,Urban,3883,0,0
06029001902,06029,Urban,4802,0,0
06029002001,06029,Urban,3344,0,0
06029002002,06029,Urban,4392,0,0
06029002100,06029,Urban,3504,0,0
06029002201,06029,Urban,2753,0,0
06029002202,06029,Urban,3761,0,0
06029002302,06029,Urban,3173,0,0
06029002303,06029,Urban,3660,0,0
06029002304,06029,Urban,3244,0,0
06029002305,06029,Urban,2660,0,0
06029002401,06029,Rural,2291,0,0
06029002402,06029,Urban,3797,0,0
06029002403,06029,Rural,3116,0,0
06029002501,06029,Urban,4576,0,0
06029002502,06029,Urban,2256,0,0
06029002503,06029,Urban,2636,0,0
06029002600,06029,Urban,3439,0,0
06029002701,06029,Urban,2906,0,0
06029002702,06029,Urban,3020,0,0
06029002804,06029,Urban,2763,0,0
06029002806,06029,Urban,2285,0,0
06029002807,06029,Urban,4026,1,0
06029002811,06029,Urban,3905,1,0
06029002813,06029,Urban,4611,0,0
06029002814,06029,Urban,4532,0,0
06029002815,06029,Urban,4392,0,0
06029002816,06029,Urban,5700,0,0
06029002817,06029,Urban,5145,0,0
06029002818,06029,Urban,4022,0,0
06029002819,06029,Urban,4873,0,0
06029002820,06029,Urban,6690,1,0
06029002821,06029,Urban,4751,1,1
06029002822,06029,Urban,3407,1,0
06029002823,06029,Urban,4256,1,1
06029002824,06029,Urban,2883,0,0
06029002825,06029,Urban,2565,0,0
06029002901,06029,Urban,3074,0,0
06029002902,06029,Urban,4427,0,0
06029003001,06029,Urban,4141,0,0
06029003002,06029,Urban,3294,0,0
06029003103,06029,Urban,4822,0,0
06029003112,06029,Urban,5365,0,0
06029003113,06029,Urban,4904,0,0
06029003124,06029,Urban,5802,0,0
06029003125,06029,Urban,3194,0,0
06029003126,06029,Urban,5437,0,0
06029003127,06029,Urban,4813,0,0
06029003128,06029,Urban,4746,0,0
06029003129,06029,Urban,3787,0,0
06029003130,06029,Urban,4246,0,0
06029003131,06029,Urban,3715,1,1
06029003132,06029,Urban,4586,0,0
06029003133,06029,Urban,3176,0,0
06029003134,06029,Urban,3698,1,0
06029003135,06029,Urban,4082,1,0
06029003136,06029,Urban,2041,0,0
06029003137,06029,Urban,3453,0,0
06029003203,06029,Urban,2294,0,0
06029003207,06029,Urban,4934,0,0
06029003208,06029,Urban,7852,1,1
06029003209,06029,Urban,3686,1,1
06029003210,06029,Urban,5917,1,1
06029003211,06029,Urban,4533,0,0
06029003212,06029,Urban,6669,1,0
06029003213,06029,Urban,2065,1,0
06029003214,06029,Urban,2516,0,0
06029003215,06029,Urban,3726,1,1
06029003216,06029,Urban,3167,0,0
06029003217,06029,Urban,3152,1,0
06029003218,06029,Urban,6298,1,0
06029003219,06029,Urban,6685,1,0
06029003220,06029,Rural,4804,0,0
06029003221,06029,Rural,4636,0,0
06029003222,06029,Rural,1693,0,0
06029003303,06029,Rural,1257,0,0
06029003304,06029,Rural,3732,0,0
06029003305,06029,Rural,3367,0,0
06029003307,06029,Rural,2605,0,0
06029003308,06029,Rural,2099,0,0
06029003400,06029,Urban,4380,0,0
06029003500,06029,Urban,6686,0,0
06029003600,06029,Urban,4553,0,0
06029003806,06029,Urban,5285,0,0
06029003807,06029,Urban,3589,0,0
06029003808,06029,Urban,4504,0,0
06029003810,06029,Urban,2531,0,0
06029003811,06029,Urban,2729,0,0
06029003812,06029,Urban,4948,0,0
06029003814,06029,Urban,6293,1,0
06029003815,06029,Urban,6087,1,0
06029003816,06029,Urban,3522,1,0
06029003817,06029,Urban,4158,0,0
06029003818,06029,Urban,5162,1,0
06029003819,06029,Urban,3851,1,0
06029003820,06029,Urban,3740,1,0
06029003821,06029,Urban,4606,1,0
06029003822,06029,Urban,3206,1,0
06029003823,06029,Urban,4184,1,0
06029003824,06029,Urban,2279,0,0
06029003825,06029,Urban,2982,1,0
06029003826,06029,Urban,3325,1,0
06029003827,06029,Rural,2445,0,0
06029003900,06029,Rural,3702,0,0
06029004001,06029,Urban,4014,1,1
06029004002,06029,Urban,4321,1,1
06029004101,06029,Urban,5727,0,0
06029004102,06029,Urban,5234,0,0
06029004302,06029,Rural,4356,0,0
06029004303,06029,Urban,5691,0,0
06029004304,06029,Urban,3218,0,0
06029004305,06029,Urban,1665,1,0
06029004402,06029,Urban,4027,0,0
06029004403,06029,Urban,3395,0,0
06029004404,06029,Urban,4823,0,0
06029004500,06029,Rural,3625,1,1
06029004601,06029,Rural,4971,0,0
06029004603,06029,Rural,2483,0,0
06029004605,06029,Rural,3326,0,0
06029004606,06029,Rural,2605,0,0
06029004607,06029,Urban,5765,1,1
06029004702,06029,Urban,3763,0,0
06029004703,06029,Urban,4664,0,0
06029004704,06029,Urban,5912,0,0
06029004801,06029,Urban,4007,0,0
06029004802,06029,Urban,6193,0,0
06029004901,06029,Urban,5413,0,0
06029004903,06029,Urban,4823,1,1
06029004904,06029,Urban,3009,0,0
06029005003,06029,Urban,3512,1,1
06029005005,06029,Urban,4204,0,0
06029005006,06029,Urban,3434,0,0
06029005103,06029,Rural,2726,0,0
06029005104,06029,Rural,4167,0,0
06029005203,06029,Rural,4041,0,0
06029005205,06029,Urban,3577,1,1
06029005206,06029,Rural,2582,1,1
06029005207,06029,Rural,2327,0,0
06029005208,06029,Rural,3212,0,0
06029005300,06029,Rural,2104,0,0
06029005402,06029,Urban,5000,0,0
06029005405,06029,Urban,2458,0,0
06029005406,06029,Urban,3514,0,0
06029005407,06029,Urban,4152,0,0
06029005408,06029,Urban,4669,0,0
06029005409,06029,Urban,4725,0,0
06029005410,06029,Rural,1816,0,0
06029005508,06029,Rural,4731,0,0
06029005509,06029,Rural,4150,0,0
06029005510,06029,Rural,2216,0,0
06029005511,06029,Rural,5071,0,0
06029005512,06029,Rural,3009,0,0
06029005513,06029,Urban,2549,1,1
06029005514,06029,Rural,3428,0,0
06029005600,06029,Rural,2086,0,0
06029005700,06029,Rural,2332,0,0
06029005803,06029,Urban,3344,0,0
06029005804,06029,Urban,5271,1,1
06029005805,06029,Urban,2645,0,0
06029005806,06029,Urban,4722,1,0
06029005900,06029,Rural,4163,0,0
06029006002,06029,Rural,3660,0,0
06029006003,06029,Urban,5804,1,1
06029006004,06029,Rural,1587,1,1
06029006006,06029,Urban,3774,1,0
06029006009,06029,Rural,2781,1,0
06029006010,06029,Rural,3689,1,0
06029006011,06029,Rural,3508,0,0
06029006012,06029,Rural,2557,0,0
06029006101,06029,Urban,3804,1,1
06029006102,06029,Rural,5185,0,0
06029006201,06029,Rural,2587,0,0
06029006202,06029,Urban,7006,1,1
06029006301,06029,Urban,3732,1,1
06029006303,06029,Urban,6062,0,0
06029006304,06029,Urban,4022,0,0
06029006403,06029,Urban,5468,1,1
06029006404,06029,Urban,3036,0,0
06029006405,06029,Urban,2997,0,0
06029006406,06029,Urban,4413,0,0
06029006500,06029,Rural,4350,0,0
06029006600,06029,Rural,4831,0,0
06031000100,06031,Rural,2916,0,0
06031000200,06031,Rural,2150,0,0
06031000402,06031,Urban,6299,1,0
06031000403,06031,Urban,5297,0,0
06031000405,06031,Urban,7274,0,0
06031000406,06031,Urban,3329,0,0
06031000407,06031,Urban,6893,0,0
06031000500,06031,Rural,5572,0,0
06031000602,06031,Urban,5847,0,0
06031000603,06031,Urban,2960,1,0
06031000604,06031,Urban,7930,1,0
06031000701,06031,Urban,5522,0,0
06031000702,06031,Urban,4585,0,0
06031000800,06031,Urban,4819,1,1
06031000901,06031,Urban,4404,0,0
06031000902,06031,Urban,3198,0,0
06031001001,06031,Urban,5753,1,0
06031001002,06031,Urban,4453,0,0
06031001003,06031,Urban,7096,1,1
06031001100,06031,Urban,6179,1,1
06031001200,06031,Rural,2397,0,0
06031001300,06031,Urban,4379,1,1
06031001401,06031,Urban,2846,0,0
06031001402,06031,Urban,2160,0,0
06031001500,06031,Urban,4743,0,0
06031001601,06031,Rural,4283,0,0
06031001702,06031,Urban,4898,0,0
06031001703,06031,Urban,4549,1,1
06031980000,06031,Urban,6656,1,1
06031980100,06031,Urban,8811,1,0
06031981800,06031,Urban,4288,1,0
06033000100,06033,Rural,3284,0,0
06033000300,06033,Urban,4045,1,0
06033000401,06033,Urban,3115,1,0
06033000402,06033,Urban,2775,0,0
06033000501,06033,Rural,3416,0,0
06033000502,06033,Urban,2901,0,0
06033000601,06033,Urban,2342,0,0
06033000602,06033,Rural,2078,0,0
06033000702,06033,Urban,4757,0,0
06033000703,06033,Rural,2416,0,0
06033000704,06033,Urban,2158,1,1
06033000801,06033,Urban,2956,0,0
06033000802,06033,Urban,4671,0,0
06033000901,06033,Rural,2598,0,0
06033000902,06033,Rural,4118,0,0
06033001000,06033,Rural,6102,0,0
06033001101,06033,Rural,1763,0,0
06033001102,06033,Rural,1536,0,0
06033001200,06033,Rural,3414,0,0
06033001301,06033,Rural,3605,0,0
06033001302,06033,Rural,4113,0,0
06035040100,06035,Rural,1627,0,0
06035040200,06035,Rural,2459,1,1
06035040302,06035,Rural,4343,0,0
06035040303,06035,Urban,3204,1,1
06035040304,06035,Urban,1804,0,0
06035040305,06035,Urban,4169,0,0
06035040400,06035,Rural,8786,0,0
06035040500,06035,Rural,3045,0,0
06035040600,06035,Rural,3293,0,0
06037101110,06037,Urban,4926,0,0
06037101122,06037,Urban,3728,1,0
06037101220,06037,Urban,3344,0,0
06037101221,06037,Urban,3444,0,0
06037101222,06037,Urban,2808,0,0
06037101300,06037,Urban,4269,0,0
06037101400,06037,Urban,3898,0,0
06037102103,06037,Urban,2107,0,0
06037102104,06037,Rural,3906,0,0
06037102105,06037,Urban,1855,0,0
06037102107,06037,Urban,3984,1,0
06037103101,06037,Urban,2712,0,0
06037103102,06037,Urban,4752,0,0
06037103201,06037,Urban,4676,0,0
06037103202,06037,Urban,2026,0,0
06037103300,06037,Urban,3953,1,0
06037103401,06037,Urban,2516,0,0
06037103402,06037,Urban,4075,0,0
06037104103,06037,Urban,3811,0,0
06037104105,06037,Urban,5999,0,0
06037104108,06037,Urban,5829,0,0
06037104124,06037,Urban,4333,0,0
06037104201,06037,Urban,4377,0,0
06037104203,06037,Urban,4874,0,0
06037104204,06037,Urban,3304,0,0
06037104310,06037,Urban,4396,0,0
06037104321,06037,Urban,3009,0,0
06037104322,06037,Urban,2233,0,0
06037104401,06037,Urban,3022,0,0
06037104403,06037,Urban,2947,0,0
06037104404,06037,Urban,3082,0,0
06037104500,06037,Urban,3151,0,0
06037104610,06037,Urban,3645,0,0
06037104620,06037,Urban,3200,0,0
06037104701,06037,Urban,4601,0,0
06037104703,06037,Urban,2572,0,0
06037104704,06037,Urban,4760,0,0
06037104821,06037,Urban,3498,0,0
06037104822,06037,Urban,2345,0,0
06037104823,06037,Urban,3024,0,0
06037104824,06037,Urban,2207,0,0
06037106010,06037,Urban,3390,1,0
06037106020,06037,Urban,5557,0,0
06037106111,06037,Urban,4331,1,0
06037106112,06037,Urban,6201,1,0
06037106113,06037,Urban,3939,0,0
06037106114,06037,Urban,6643,0,0
06037106403,06037,Urban,3704,0,0
06037106405,06037,Urban,3968,0,0
06037106406,06037,Urban,6173,0,0
06037106407,06037,Urban,2909,0,0
06037106408,06037,Urban,3440,0,0
06037106510,06037,Urban,5791,0,0
06037106520,06037,Urban,5670,0,0
06037106603,06037,Rural,2998,0,0
06037106604,06037,Urban,5378,0,0
06037106641,06037,Urban,2330,1,0
06037106642,06037,Urban,3316,0,0
06037106643,06037,Urban,4084,1,0
06037106645,06037,Urban,3501,1,0
06037106646,06037,Urban,3367,1,0
06037106648,06037,Urban,4815,0,0
06037106649,06037,Urban,2754,0,0
06037107010,06037,Urban,3205,0,0
06037107020,06037,Urban,5488,0,0
06037108101,06037,Urban,2324,1,0
06037108102,06037,Urban,3795,1,0
06037108103,06037,Urban,3190,1,0
06037108104,06037,Urban,1692,1,0
06037108202,06037,Urban,8701,1,0
06037108203,06037,Urban,3577,1,0
06037108204,06037,Urban,1857,0,0
06037109100,06037,Urban,2958,0,0
06037109200,06037,Urban,3153,0,0
06037109300,06037,Urban,3120,0,0
06037109400,06037,Urban,3752,0,0
06037109500,06037,Urban,4524,0,0
06037109601,06037,Urban,4958,0,0
06037109603,06037,Urban,4203,0,0
06037109604,06037,Urban,2938,0,0
06037109700,06037,Urban,4389,0,0
06037109800,06037,Urban,4679,0,0
06037111100,06037,Urban,3047,0,0
06037111201,06037,Urban,3609,0,0
06037111202,06037,Urban,5489,0,0
06037111204,06037,Urban,5865,1,0
06037111205,06037,Urban,3864,0,0
06037111206,06037,Urban,4716,1,0
06037111302,06037,Urban,4633,0,0
06037111303,06037,Urban,4429,0,0
06037111304,06037,Urban,3359,0,0
06037111401,06037,Urban,2406,0,0
06037111402,06037,Urban,5333,0,0
06037113101,06037,Urban,3461,0,0
06037113102,06037,Urban,2971,1,0
06037113211,06037,Urban,4275,1,0
06037113212,06037,Urban,3211,0,0
06037113213,06037,Urban,4589,0,0
06037113231,06037,Urban,2254,1,0
06037113232,06037,Urban,4297,0,0
06037113234,06037,Urban,4542,0,0
06037113235,06037,Urban,1815,1,0
06037113237,06037,Urban,3921,1,0
06037113238,06037,Urban,5182,0,0
06037113239,06037,Urban,2259,0,0
06037113301,06037,Urban,3655,1,0
06037113303,06037,Urban,4160,0,0
06037113322,06037,Urban,4251,0,0
06037113323,06037,Urban,3927,0,0
06037113324,06037,Urban,2072,0,0
06037113423,06037,Urban,2639,0,0
06037113424,06037,Urban,3613,0,0
06037113425,06037,Urban,4020,0,0
06037113426,06037,Urban,2479,0,0
06037113427,06037,Urban,3024,0,0
06037113428,06037,Urban,3397,0,0
06037115101,06037,Urban,5112,0,0
06037115103,06037,Urban,2345,0,0
06037115104,06037,Urban,4409,0,0
06037115202,06037,Urban,5189,0,0
06037115203,06037,Urban,2793,0,0
06037115204,06037,Urban,4228,0,0
06037115301,06037,Urban,4236,0,0
06037115302,06037,Urban,4044,0,0
06037115401,06037,Urban,5980,0,0
06037115403,06037,Urban,3245,0,0
06037115404,06037,Urban,2956,0,0
06037117101,06037,Urban,5195,0,0
06037117102,06037,Urban,2733,0,0
06037117201,06037,Urban,4514,0,0
06037117202,06037,Urban,2711,0,0
06037117301,06037,Urban,3917,0,0
06037117302,06037,Urban,5414,0,0
06037117303,06037,Urban,3647,0,0
06037117404,06037,Urban,4548,0,0
06037117405,06037,Urban,3364,0,0
06037117407,06037,Urban,3482,0,0
06037117408,06037,Urban,2843,0,0
06037117510,06037,Urban,4181,0,0
06037117520,06037,Urban,3961,0,0
06037117530,06037,Urban,5888,0,0
06037119001,06037,Urban,4024,0,0
06037119003,06037,Urban,3893,0,0
06037119004,06037,Urban,2830,0,0
06037119201,06037,Urban,3866,0,0
06037119202,06037,Urban,4394,0,0
06037119310,06037,Urban,3983,0,0
06037119320,06037,Urban,4793,0,0
06037119340,06037,Urban,3600,0,0
06037119341,06037,Urban,2867,0,0
06037119342,06037,Urban,3076,0,0
06037119400,06037,Urban,4881,0,0
06037119700,06037,Urban,4893,0,0
06037119801,06037,Urban,2933,0,0
06037119802,06037,Urban,3016,0,0
06037119900,06037,Urban,4774,0,0
06037120010,06037,Urban,2892,0,0
06037120020,06037,Urban,4037,0,0
06037120030,06037,Urban,2591,0,0
06037120103,06037,Urban,3123,0,0
06037120104,06037,Urban,2327,0,0
06037120105,06037,Urban,2855,0,0
06037120106,06037,Urban,4377,0,0
06037120107,06037,Urban,3760,0,0
06037120108,06037,Urban,5263,0,0
06037120300,06037,Urban,5550,0,0
06037120400,06037,Urban,6614,0,0
06037121010,06037,Urban,4693,0,0
06037121020,06037,Urban,3781,0,0
06037121101,06037,Urban,2936,0,0
06037121102,06037,Urban,2846,0,0
06037121210,06037,Urban,3182,0,0
06037121221,06037,Urban,2147,0,0
06037121222,06037,Urban,5376,0,0
06037121600,06037,Urban,2996,0,0
06037121801,06037,Urban,3854,0,0
06037121802,06037,Urban,3192,0,0
06037121900,06037,Urban,3921,0,0
06037122000,06037,Urban,5289,0,0
06037122120,06037,Urban,4559,0,0
06037122121,06037,Urban,2629,0,0
06037122122,06037,Urban,2750,0,0
06037122200,06037,Urban,4064,0,0
06037122410,06037,Urban,3824,0,0
06037122420,06037,Urban,4623,0,0
06037123010,06037,Urban,4253,0,0
06037123020,06037,Urban,3177,0,0
06037123103,06037,Urban,4285,0,0
06037123104,06037,Urban,4309,0,0
06037123203,06037,Urban,3508,0,0
06037123204,06037,Urban,3125,0,0
06037123205,06037,Urban,2503,0,0
06037123206,06037,Urban,2857,0,0
06037123301,06037,Urban,4424,0,0
06037123303,06037,Urban,3091,0,0
06037123304,06037,Urban,4518,0,0
06037123410,06037,Urban,3967,0,0
06037123420,06037,Urban,4481,0,0
06037123510,06037,Urban,4938,0,0
06037123520,06037,Urban,2669,0,0
06037123601,06037,Urban,4985,0,0
06037123602,06037,Urban,3433,0,0
06037123700,06037,Urban,4142,0,0
06037123800,06037,Urban,5757,0,0
06037123901,06037,Urban,4621,0,0
06037123902,06037,Urban,2596,0,0
06037124000,06037,Urban,4786,0,0
06037124102,06037,Urban,3627,0,0
06037124103,06037,Urban,1857,0,0
06037124104,06037,Urban,2519,0,0
06037124105,06037,Urban,2425,0,0
06037124201,06037,Urban,3391,0,0
06037124203,06037,Urban,2450,0,0
06037124204,06037,Urban,2753,0,0
06037124300,06037,Urban,3830,0,0
06037124400,06037,Urban,4308,0,0
06037124500,06037,Urban,2880,0,0
06037124600,06037,Urban,3223,0,0
06037124700,06037,Urban,5343,0,0
06037124902,06037,Urban,2893,0,0
06037124903,06037,Urban,3630,0,0
06037125101,06037,Urban,3979,0,0
06037125102,06037,Urban,2280,0,0
06037125200,06037,Urban,4014,0,0
06037125310,06037,Urban,4941,0,0
06037125321,06037,Urban,3049,0,0
06037125322,06037,Urban,2222,0,0
06037125402,06037,Urban,4076,0,0
06037125403,06037,Urban,2181,0,0
06037125404,06037,Urban,3133,0,0
06037125501,06037,Urban,3249,0,0
06037125502,06037,Urban,3572,0,0
06037125600,06037,Urban,2599,0,0
06037127102,06037,Urban,5450,0,0
06037127103,06037,Urban,3203,0,0
06037127104,06037,Urban,4140,0,0
06037127210,06037,Urban,5453,0,0
06037127220,06037,Urban,4993,0,0
06037127300,06037,Urban,3735,0,0
06037127400,06037,Urban,5529,0,0
06037127520,06037,Urban,4226,0,0
06037127603,06037,Urban,2949,0,0
06037127604,06037,Urban,3194,0,0
06037127605,06037,Urban,3314,0,0
06037127606,06037,Urban,3253,0,0
06037127711,06037,Urban,3434,0,0
06037127712,06037,Urban,3894,0,0
06037127803,06037,Urban,5076,0,0
06037127804,06037,Urban,4422,0,0
06037127805,06037,Urban,3514,0,0
06037127806,06037,Urban,3505,0,0
06037127910,06037,Urban,5209,0,0
06037127920,06037,Urban,4212,0,0
06037128101,06037,Urban,3635,0,0
06037128102,06037,Urban,4874,0,0
06037128210,06037,Urban,4809,0,0
06037128220,06037,Urban,3087,0,0
06037128302,06037,Urban,4654,0,0
06037128303,06037,Urban,3876,0,0
06037128400,06037,Urban,4516,0,0
06037128500,06037,Urban,4294,0,0
06037128601,06037,Urban,4379,0,0
06037128602,06037,Urban,3422,0,0
06037128703,06037,Urban,3317,0,0
06037128704,06037,Urban,2594,0,0
06037128801,06037,Urban,3805,0,0
06037128802,06037,Urban,4673,0,0
06037128910,06037,Urban,4384,0,0
06037131021,06037,Urban,2972,0,0
06037131022,06037,Urban,3491,0,0
06037131023,06037,Urban,2628,0,0
06037131024,06037,Urban,3422,0,0
06037131100,06037,Urban,3264,0,0
06037131200,06037,Urban,3549,0,0
06037131300,06037,Urban,4854,0,0
06037131400,06037,Urban,6149,0,0
06037131600,06037,Urban,5366,0,0
06037131701,06037,Urban,4794,0,0
06037131702,06037,Urban,3602,0,0
06037131801,06037,Urban,3104,0,0
06037131802,06037,Urban,2552,0,0
06037131900,06037,Urban,4382,0,0
06037132001,06037,Urban,3335,0,0
06037132002,06037,Urban,3193,0,0
06037132101,06037,Urban,4330,0,0
06037132102,06037,Urban,5618,0,0
06037132301,06037,Urban,3577,0,0
06037132302,06037,Urban,3005,0,0
06037132501,06037,Urban,4357,0,0
06037132502,06037,Urban,4252,0,0
06037132700,06037,Urban,5038,0,0
06037132900,06037,Urban,3538,0,0
06037133000,06037,Urban,4424,0,0
06037133101,06037,Urban,2091,0,0
06037133102,06037,Urban,3376,0,0
06037134001,06037,Urban,3708,0,0
06037134002,06037,Urban,3483,0,0
06037134101,06037,Urban,4991,0,0
06037134103,06037,Urban,4294,0,0
06037134104,06037,Urban,4429,0,0
06037134201,06037,Urban,4271,0,0
06037134302,06037,Urban,3746,0,0
06037134303,06037,Urban,5166,0,0
06037134304,06037,Urban,3001,0,0
06037134305,06037,Urban,3769,0,0
06037134306,06037,Urban,3553,0,0
06037134421,06037,Urban,3851,1,0
06037134422,06037,Urban,4959,1,0
06037134423,06037,Urban,3338,1,0
06037134424,06037,Urban,2862,1,0
06037134520,06037,Urban,5601,0,0
06037134521,06037,Urban,2972,0,0
06037134522,06037,Urban,4015,0,0
06037134710,06037,Urban,5183,0,0
06037134720,06037,Urban,5011,0,0
06037134801,06037,Urban,3177,0,0
06037134802,06037,Urban,3196,0,0
06037134901,06037,Urban,3266,0,0
06037134904,06037,Urban,4368,0,0
06037134905,06037,Urban,5219,0,0
06037134906,06037,Urban,3115,0,0
06037134907,06037,Urban,2953,0,0
06037135102,06037,Urban,3612,0,0
06037135111,06037,Urban,3118,0,0
06037135113,06037,Urban,3240,0,0
06037135115,06037,Urban,4698,0,0
06037135116,06037,Urban,1718,0,0
06037135201,06037,Urban,2592,0,0
06037135202,06037,Urban,4399,0,0
06037135204,06037,Urban,4791,0,0
06037135205,06037,Urban,2342,1,0
06037137000,06037,Urban,4754,1,0
06037137103,06037,Urban,4951,0,0
06037137104,06037,Urban,2725,1,0
06037137202,06037,Urban,3588,0,0
06037137203,06037,Urban,2416,0,0
06037137301,06037,Urban,2238,0,0
06037137302,06037,Urban,4341,1,0
06037137401,06037,Urban,4708,0,0
06037137402,06037,Urban,5663,1,0
06037137501,06037,Urban,4662,0,0
06037137502,06037,Urban,4441,0,0
06037137504,06037,Urban,1920,1,0
06037138000,06037,Urban,4575,1,0
06037139001,06037,Urban,5125,0,0
06037139200,06037,Urban,5519,0,0
06037139301,06037,Urban,4692,0,0
06037139302,06037,Urban,4734,0,0
06037139303,06037,Urban,4481,0,0
06037139401,06037,Urban,2894,0,0
06037139402,06037,Urban,2782,0,0
06037139502,06037,Urban,3118,0,0
06037139504,06037,Urban,3742,0,0
06037139505,06037,Urban,2565,0,0
06037139506,06037,Urban,2767,0,0
06037139600,06037,Urban,5185,0,0
06037139701,06037,Urban,5438,0,0
06037139703,06037,Urban,2693,1,0
06037139704,06037,Urban,2624,1,0
06037139705,06037,Urban,3643,1,0
06037139801,06037,Urban,3523,1,0
06037139802,06037,Urban,3858,1,0
06037141101,06037,Urban,4903,0,0
06037141102,06037,Urban,3023,0,0
06037141201,06037,Urban,4289,0,0
06037141202,06037,Urban,2922,0,0
06037141303,06037,Urban,3191,0,0
06037141304,06037,Urban,3015,0,0
06037141305,06037,Urban,2986,0,0
06037141306,06037,Urban,2974,0,0
06037141400,06037,Urban,4705,0,0
06037141500,06037,Urban,3089,1,0
06037141600,06037,Urban,4088,1,0
06037141700,06037,Urban,3096,1,0
06037143101,06037,Urban,2142,0,0
06037143102,06037,Urban,2294,0,0
06037143200,06037,Urban,4377,0,0
06037143301,06037,Urban,3236,0,0
06037143302,06037,Urban,3367,0,0
06037143401,06037,Urban,4632,0,0
06037143402,06037,Urban,1791,0,0
06037143500,06037,Urban,5197,0,0
06037143602,06037,Urban,4740,0,0
06037143603,06037,Urban,2482,0,0
06037143605,06037,Urban,1945,0,0
06037143606,06037,Urban,1581,0,0
06037143700,06037,Urban,3800,1,0
06037143801,06037,Urban,2926,1,0
06037143802,06037,Urban,2298,1,0
06037143901,06037,Urban,4319,1,0
06037143902,06037,Urban,2979,1,0
06037181000,06037,Urban,6132,0,0
06037181300,06037,Urban,3613,0,0
06037181400,06037,Urban,4134,0,0
06037181500,06037,Urban,3653,0,0
06037181600,06037,Urban,4247,0,0
06037183101,06037,Urban,3659,0,0
06037183103,06037,Urban,3839,0,0
06037183104,06037,Urban,2095,0,0
06037183220,06037,Urban,3682,0,0
06037183221,06037,Urban,2901,0,0
06037183222,06037,Urban,3303,0,0
06037183300,06037,Urban,3083,0,0
06037183401,06037,Urban,2226,0,0
06037183402,06037,Urban,2997,0,0
06037183510,06037,Urban,2368,0,0
06037183520,06037,Urban,3450,0,0
06037183610,06037,Urban,2813,0,0
06037183620,06037,Urban,2912,0,0
06037183701,06037,Urban,3838,0,0
06037183702,06037,Urban,2669,0,0
06037183810,06037,Urban,4260,0,0
06037183820,06037,Urban,3626,0,0
06037185101,06037,Urban,2830,0,0
06037185102,06037,Urban,2990,1,0
06037185202,06037,Urban,3682,0,0
06037185203,06037,Urban,2651,0,0
06037185204,06037,Urban,1977,0,0
06037185310,06037,Urban,2724,0,0
06037185320,06037,Urban,2763,0,0
06037186100,06037,Urban,4678,0,0
06037186201,06037,Urban,3085,0,0
06037186202,06037,Urban,1985,0,0
06037186203,06037,Urban,2751,1,0
06037186301,06037,Urban,2679,0,0
06037186302,06037,Urban,5190,0,0
06037186401,06037,Urban,2991,0,0
06037186403,06037,Urban,2521,0,0
06037186404,06037,Urban,2266,0,0
06037187101,06037,Urban,3011,0,0
06037187102,06037,Urban,4083,0,0
06037187200,06037,Urban,2801,0,0
06037187300,06037,Urban,3456,0,0
06037188100,06037,Urban,4070,0,0
06037188201,06037,Urban,3378,0,0
06037188202,06037,Urban,2460,1,0
06037188300,06037,Urban,3271,0,0
06037189101,06037,Urban,2589,0,0
06037189102,06037,Urban,3316,0,0
06037189201,06037,Urban,3256,0,0
06037189202,06037,Urban,2775,0,0
06037189300,06037,Urban,3216,0,0
06037189400,06037,Urban,3575,1,0
06037189501,06037,Urban,2183,0,0
06037189502,06037,Urban,2251,0,0
06037189600,06037,Urban,3738,0,0
06037189702,06037,Urban,2389,1,0
06037189703,06037,Rural,2259,0,0
06037189704,06037,Urban,2786,1,0
06037189801,06037,Urban,2302,0,0
06037189802,06037,Urban,2005,0,0
06037189903,06037,Urban,2228,0,0
06037189904,06037,Urban,2502,0,0
06037189905,06037,Urban,2462,0,0
06037189906,06037,Urban,2746,0,0
06037189907,06037,Urban,2434,0,0
06037190101,06037,Urban,1832,0,0
06037190102,06037,Urban,2737,0,0
06037190201,06037,Urban,2872,0,0
06037190202,06037,Urban,3568,0,0
06037190302,06037,Urban,2283,0,0
06037190303,06037,Urban,2470,0,0
06037190401,06037,Urban,2857,0,0
06037190402,06037,Urban,2388,0,0
06037190510,06037,Urban,4362,0,0
06037190520,06037,Urban,3489,0,0
06037190701,06037,Urban,1867,0,0
06037190702,06037,Urban,1420,0,0
06037190801,06037,Urban,2500,0,0
06037190802,06037,Urban,2794,0,0
06037190901,06037,Urban,4016,0,0
06037190902,06037,Urban,3608,0,0
06037191000,06037,Urban,5893,0,0
06037191110,06037,Urban,3141,0,0
06037191120,06037,Urban,3801,0,0
06037191201,06037,Urban,4072,0,0
06037191203,06037,Urban,2531,0,0
06037191204,06037,Urban,1862,0,0
06037191301,06037,Urban,2076,0,0
06037191302,06037,Urban,2192,0,0
06037191410,06037,Urban,3924,0,0
06037191420,06037,Urban,2837,0,0
06037191500,06037,Urban,4980,0,0
06037191610,06037,Urban,4271,0,0
06037191620,06037,Urban,2628,0,0
06037191710,06037,Urban,2576,0,0
06037191720,06037,Urban,3534,0,0
06037191810,06037,Urban,3028,0,0
06037191820,06037,Urban,3279,0,0
06037191901,06037,Urban,3563,0,0
06037191902,06037,Urban,2961,0,0
06037192001,06037,Urban,2574,0,0
06037192002,06037,Urban,2550,0,0
06037192300,06037,Urban,2863,0,0
06037192410,06037,Urban,3573,0,0
06037192420,06037,Urban,3645,0,0
06037192510,06037,Urban,3508,0,0
06037192520,06037,Urban,4326,0,0
06037192610,06037,Urban,4149,0,0
06037192620,06037,Urban,3260,0,0
06037192700,06037,Urban,3550,0,0
06037194101,06037,Urban,3236,1,0
06037194102,06037,Urban,3462,1,0
06037194200,06037,Urban,3596,1,0
06037194300,06037,Urban,2972,1,0
06037194401,06037,Urban,2559,0,0
06037194402,06037,Urban,3146,0,0
06037194500,06037,Urban,2347,0,0
06037195100,06037,Urban,4974,0,0
06037195201,06037,Urban,3080,0,0
06037195202,06037,Urban,3194,0,0
06037195300,06037,Urban,3070,0,0
06037195400,06037,Urban,4244,0,0
06037195500,06037,Urban,4991,0,0
06037195600,06037,Urban,3056,0,0
06037195710,06037,Urban,3939,0,0
06037195720,06037,Urban,1896,0,0
06037195802,06037,Urban,2744,0,0
06037195803,06037,Urban,2457,0,0
06037195804,06037,Urban,2459,0,0
06037195901,06037,Urban,2248,0,0
06037195902,06037,Urban,1848,0,0
06037195903,06037,Urban,1988,0,0
06037197200,06037,Urban,3287,1,0
06037197300,06037,Urban,3650,0,0
06037197410,06037,Urban,3707,0,0
06037197420,06037,Urban,3376,0,0
06037197500,06037,Urban,3973,0,0
06037197600,06037,Urban,2431,0,0
06037197700,06037,Urban,4565,0,0
06037199001,06037,Urban,2552,0,0
06037199002,06037,Urban,2913,0,0
06037199110,06037,Urban,2377,0,0
06037199120,06037,Urban,3777,0,0
06037199201,06037,Urban,3584,0,0
06037199202,06037,Urban,2785,0,0
06037199300,06037,Urban,3545,1,0
06037199400,06037,Urban,4470,0,0
06037199700,06037,Urban,3393,0,0
06037199801,06037,Urban,3036,0,0
06037199802,06037,Urban,2144,0,0
06037199900,06037,Urban,2641,0,0
06037201110,06037,Urban,2332,0,0
06037201120,06037,Urban,4395,0,0
06037201200,06037,Urban,2362,0,0
06037201301,06037,Urban,3409,0,0
06037201302,06037,Urban,3882,0,0
06037201401,06037,Urban,4701,0,0
06037201402,06037,Urban,4046,0,0
06037201501,06037,Urban,4974,0,0
06037201503,06037,Urban,3059,0,0
06037201504,06037,Urban,2254,0,0
06037201601,06037,Urban,2183,0,0
06037201602,06037,Urban,2686,0,0
06037201700,06037,Urban,5055,0,0
06037203100,06037,Urban,4688,0,0
06037203200,06037,Urban,4264,0,0
06037203300,06037,Urban,2280,0,0
06037203500,06037,Urban,2751,0,0
06037203601,06037,Urban,2662,0,0
06037203602,06037,Urban,2124,0,0
06037203710,06037,Urban,3087,0,0
06037203720,06037,Urban,3580,0,0
06037203800,06037,Urban,4502,0,0
06037203900,06037,Urban,2611,0,0
06037204110,06037,Urban,2811,0,0
06037204120,06037,Urban,2368,0,0
06037204200,06037,Urban,3393,0,0
06037204300,06037,Urban,4433,0,0
06037204410,06037,Urban,2174,0,0
06037204420,06037,Urban,2870,0,0
06037204600,06037,Urban,3740,0,0
06037204700,06037,Urban,4632,0,0
06037204810,06037,Urban,5166,0,0
06037204820,06037,Urban,2055,0,0
06037204910,06037,Urban,3184,0,0
06037204920,06037,Urban,2537,0,0
06037205110,06037,Urban,3850,0,0
06037205120,06037,Urban,3858,0,0
06037206010,06037,Urban,3335,0,0
06037206020,06037,Urban,5577,0,0
06037206050,06037,Urban,2312,0,0
06037206051,06037,Urban,2591,0,0
06037206052,06037,Urban,3296,0,0
06037206053,06037,Urban,3261,0,0
06037206054,06037,Urban,2670,0,0
06037206201,06037,Urban,2647,0,0
06037206202,06037,Urban,3035,0,0
06037206301,06037,Urban,2074,0,0
06037206302,06037,Urban,1375,0,0
06037206303,06037,Urban,2858,0,0
06037207101,06037,Urban,3233,0,0
06037207102,06037,Urban,3374,0,0
06037207103,06037,Urban,2099,0,0
06037207303,06037,Urban,2311,0,0
06037207304,06037,Urban,2124,0,0
06037207305,06037,Urban,1181,0,0
06037207306,06037,Urban,2227,0,0
06037207307,06037,Urban,1160,0,0
06037207308,06037,Urban,1407,0,0
06037207400,06037,Urban,2002,0,0
06037207501,06037,Urban,2489,0,0
06037207502,06037,Urban,4113,0,0
06037207711,06037,Urban,2280,0,0
06037207712,06037,Urban,4737,0,0
06037207901,06037,Urban,3645,0,0
06037207902,06037,Urban,7405,0,0
06037208001,06037,Urban,2494,0,0
06037208002,06037,Urban,4113,0,0
06037208301,06037,Urban,1878,0,0
06037208302,06037,Urban,4560,0,0
06037208401,06037,Urban,3832,0,0
06037208402,06037,Urban,2590,0,0
06037208501,06037,Urban,2283,0,0
06037208502,06037,Urban,3540,0,0
06037208610,06037,Urban,3878,0,0
06037208620,06037,Urban,4052,0,0
06037208710,06037,Urban,4147,0,0
06037208720,06037,Urban,3810,0,0
06037208801,06037,Urban,3566,0,0
06037208802,06037,Urban,2942,0,0
06037208902,06037,Urban,2570,0,0
06037208903,06037,Urban,3888,0,0
06037208904,06037,Urban,3882,0,0
06037209103,06037,Urban,3079,0,0
06037209104,06037,Urban,2380,0,0
06037209105,06037,Urban,2665,0,0
06037209106,06037,Urban,2632,0,0
06037209201,06037,Urban,2852,0,0
06037209202,06037,Urban,1234,0,0
06037209300,06037,Urban,4712,0,0
06037209401,06037,Urban,4163,0,0
06037209402,06037,Urban,4056,0,0
06037209403,06037,Urban,3850,0,0
06037209510,06037,Urban,2813,0,0
06037209520,06037,Urban,2648,0,0
06037209810,06037,Urban,2385,0,0
06037209820,06037,Urban,2732,0,0
06037210010,06037,Urban,3190,0,0
06037211000,06037,Urban,5268,0,0
06037211121,06037,Urban,2431,0,0
06037211122,06037,Urban,2877,0,0
06037211123,06037,Urban,2097,0,0
06037211124,06037,Urban,4070,0,0
06037211201,06037,Urban,2538,0,0
06037211202,06037,Urban,2693,0,0
06037211310,06037,Urban,3603,0,0
06037211320,06037,Urban,2899,0,0
06037211410,06037,Urban,2956,0,0
06037211420,06037,Urban,3479,0,0
06037211500,06037,Urban,4230,0,0
06037211701,06037,Urban,2733,0,0
06037211703,06037,Urban,4716,0,0
06037211704,06037,Urban,2941,0,0
06037211802,06037,Urban,4893,0,0
06037211803,06037,Urban,3602,0,0
06037211804,06037,Urban,3247,0,0
06037211910,06037,Urban,4223,0,0
06037211921,06037,Urban,2447,0,0
06037211922,06037,Urban,3182,0,0
06037212101,06037,Urban,3146,0,0
06037212102,06037,Urban,2579,0,0
06037212202,06037,Urban,3364,0,0
06037212203,06037,Urban,3216,0,0
06037212204,06037,Urban,3227,0,0
06037212303,06037,Urban,3486,0,0
06037212304,06037,Urban,1738,0,0
06037212305,06037,Urban,2533,0,0
06037212306,06037,Urban,2793,0,0
06037212410,06037,Urban,3560,0,0
06037212420,06037,Urban,2875,0,0
06037212501,06037,Urban,1944,0,0
06037212502,06037,Urban,3363,0,0
06037212610,06037,Urban,4049,0,0
06037212620,06037,Urban,4111,0,0
06037212701,06037,Urban,2487,0,0
06037212702,06037,Urban,3687,0,0
06037212800,06037,Urban,4121,0,0
06037212900,06037,Urban,3721,0,0
06037213100,06037,Urban,2507,0,0
06037213201,06037,Urban,4330,0,0
06037213202,06037,Urban,3679,0,0
06037213310,06037,Urban,3323,0,0
06037213320,06037,Urban,3006,0,0
06037213401,06037,Urban,4806,0,0
06037213402,06037,Urban,5119,0,0
06037214000,06037,Urban,3808,0,0
06037214100,06037,Urban,4111,0,0
06037214400,06037,Urban,2980,0,0
06037214501,06037,Urban,3104,0,0
06037214503,06037,Urban,3495,0,0
06037214504,06037,Urban,3871,0,0
06037214505,06037,Urban,1817,0,0
06037214600,06037,Urban,2600,0,0
06037214700,06037,Urban,2731,0,0
06037214800,06037,Urban,2843,0,0
06037214902,06037,Urban,2668,0,0
06037214903,06037,Urban,1542,0,0
06037214904,06037,Urban,1696,0,0
06037215101,06037,Urban,2614,0,0
06037215102,06037,Urban,3123,0,0
06037216100,06037,Urban,2465,0,0
06037216201,06037,Urban,2701,0,0
06037216202,06037,Urban,2838,0,0
06037216301,06037,Urban,1374,0,0
06037216302,06037,Urban,3551,0,0
06037216401,06037,Urban,4165,0,0
06037216402,06037,Urban,2644,0,0
06037216700,06037,Urban,3938,0,0
06037216800,06037,Urban,3566,0,0
06037216901,06037,Urban,2888,0,0
06037216902,06037,Urban,2331,0,0
06037217001,06037,Urban,2863,0,0
06037217002,06037,Urban,5084,0,0
06037217101,06037,Urban,2520,0,0
06037217102,06037,Urban,2930,0,0
06037217200,06037,Urban,3887,0,0
06037218110,06037,Urban,3120,0,0
06037218120,06037,Urban,4250,0,0
06037218210,06037,Urban,3951,0,0
06037218220,06037,Urban,4123,0,0
06037218300,06037,Urban,5206,0,0
06037218400,06037,Urban,4364,0,0
06037218500,06037,Urban,2810,0,0
06037218600,06037,Urban,2820,0,0
06037218701,06037,Urban,2455,0,0
06037218702,06037,Urban,2199,0,0
06037218800,06037,Urban,2633,0,0
06037218900,06037,Urban,5329,0,0
06037219010,06037,Urban,2749,0,0
06037219020,06037,Urban,4590,0,0
06037219300,06037,Urban,3757,0,0
06037219500,06037,Urban,1783,0,0
06037219700,06037,Urban,4186,0,0
06037219800,06037,Urban,2931,0,0
06037219901,06037,Urban,4651,0,0
06037219902,06037,Urban,3878,0,0
06037220000,06037,Urban,5420,0,0
06037220100,06037,Urban,2437,0,0
06037221110,06037,Urban,3289,0,0
06037221120,06037,Urban,3030,0,0
06037221210,06037,Urban,2917,0,0
06037221220,06037,Urban,3143,0,0
06037221302,06037,Urban,4330,0,0
06037221303,06037,Urban,2384,0,0
06037221304,06037,Urban,3032,0,0
06037221401,06037,Urban,3362,0,0
06037221402,06037,Urban,2700,0,0
06037221500,06037,Urban,3864,0,0
06037221601,06037,Urban,3175,0,0
06037221602,06037,Urban,2693,0,0
06037221710,06037,Urban,2596,0,0
06037221810,06037,Urban,2746,0,0
06037221820,06037,Urban,2797,0,0
06037221900,06037,Urban,4917,0,0
06037222001,06037,Urban,3218,0,0
06037222002,06037,Urban,4648,0,0
06037222100,06037,Urban,3712,0,0
06037222200,06037,Urban,3878,0,0
06037222500,06037,Urban,4702,0,0
06037222600,06037,Urban,5141,0,0
06037222700,06037,Urban,4704,0,0
06037224010,06037,Urban,3621,0,0
06037224020,06037,Urban,3231,0,0
06037224200,06037,Urban,2385,0,0
06037224310,06037,Urban,2090,0,0
06037224320,06037,Urban,2962,0,0
06037224410,06037,Urban,2906,0,0
06037224420,06037,Urban,2068,0,0
06037224600,06037,Urban,3501,0,0
06037224701,06037,Urban,2077,0,0
06037224702,06037,Urban,3287,0,0
06037226001,06037,Urban,2632,0,0
06037226002,06037,Urban,3587,0,0
06037226410,06037,Urban,3456,0,0
06037226420,06037,Urban,5026,0,0
06037226701,06037,Urban,2969,0,0
06037226702,06037,Urban,2884,0,0
06037227010,06037,Urban,4506,0,0
06037227020,06037,Urban,3508,0,0
06037228100,06037,Urban,4796,0,0
06037228210,06037,Urban,3770,0,0
06037228220,06037,Urban,4458,0,0
06037228310,06037,Urban,4491,0,0
06037228320,06037,Urban,3023,0,0
06037228410,06037,Urban,3129,0,0
06037228420,06037,Urban,3041,0,0
06037228500,06037,Urban,5376,0,0
06037228600,06037,Urban,4882,0,0
06037228710,06037,Urban,4245,0,0
06037228720,06037,Urban,4394,0,0
06037228800,06037,Urban,5709,0,0
06037228900,06037,Urban,3420,0,0
06037229100,06037,Urban,4523,0,0
06037229200,06037,Urban,4636,0,0
06037229300,06037,Urban,5642,0,0
06037229410,06037,Urban,3471,0,0
06037229420,06037,Urban,4681,0,0
06037231100,06037,Urban,3148,0,0
06037231210,06037,Urban,3793,0,0
06037231220,06037,Urban,3942,0,0
06037231301,06037,Urban,2797,0,0
06037231302,06037,Urban,2733,0,0
06037231400,06037,Urban,4590,0,0
06037231500,06037,Urban,4725,0,0
06037231601,06037,Urban,2254,0,0
06037231602,06037,Urban,2148,0,0
06037231603,06037,Urban,2737,0,0
06037231710,06037,Urban,4311,0,0
06037231720,06037,Urban,5060,0,0
06037231800,06037,Urban,5253,0,0
06037231901,06037,Urban,2741,0,0
06037231902,06037,Urban,3166,0,0
06037232110,06037,Urban,3336,0,0
06037232120,06037,Urban,5019,0,0
06037232200,06037,Urban,3204,0,0
06037232300,06037,Urban,4376,0,0
06037232401,06037,Urban,3702,0,0
06037232402,06037,Urban,3163,0,0
06037232500,06037,Urban,5066,0,0
06037232601,06037,Urban,2052,0,0
06037232602,06037,Urban,4540,0,0
06037232701,06037,Urban,2228,0,0
06037232702,06037,Urban,3932,0,0
06037232800,06037,Urban,4034,0,0
06037234001,06037,Urban,2361,0,0
06037234002,06037,Urban,2977,0,0
06037234200,06037,Urban,2459,0,0
06037234301,06037,Urban,1918,0,0
06037234302,06037,Urban,2597,0,0
06037234501,06037,Urban,3062,0,0
06037234502,06037,Urban,2912,0,0
06037234600,06037,Urban,5106,0,0
06037234700,06037,Urban,4209,0,0
06037234800,06037,Urban,3561,0,0
06037234901,06037,Urban,3103,0,0
06037234902,06037,Urban,4238,0,0
06037235100,06037,Urban,4690,0,0
06037235201,06037,Urban,2921,0,0
06037235202,06037,Urban,4765,0,0
06037236001,06037,Urban,4422,0,0
06037236101,06037,Urban,2823,0,0
06037236102,06037,Urban,3141,0,0
06037236203,06037,Urban,3743,0,0
06037236204,06037,Urban,3210,0,0
06037236205,06037,Urban,3403,0,0
06037236206,06037,Urban,2571,0,0
06037236400,06037,Urban,4346,1,0
06037237101,06037,Urban,4144,0,0
06037237102,06037,Urban,3625,0,0
06037237201,06037,Urban,3546,0,0
06037237202,06037,Urban,4414,0,0
06037237300,06037,Urban,5531,0,0
06037237401,06037,Urban,3765,0,0
06037237402,06037,Urban,3640,0,0
06037237500,06037,Urban,2856,0,0
06037237600,06037,Urban,4112,0,0
06037237710,06037,Urban,3992,0,0
06037237720,06037,Urban,3470,0,0
06037237800,06037,Urban,4335,0,0
06037237900,06037,Urban,3726,0,0
06037238000,06037,Urban,5969,0,0
06037238100,06037,Urban,4683,0,0
06037238200,06037,Urban,5848,0,0
06037238310,06037,Urban,5087,0,0
06037238320,06037,Urban,3975,0,0
06037238400,06037,Urban,4632,0,0
06037239201,06037,Urban,3819,0,0
06037239202,06037,Urban,5013,0,0
06037239310,06037,Urban,4031,0,0
06037239320,06037,Urban,3441,0,0
06037239330,06037,Urban,2979,0,0
06037239501,06037,Urban,3835,0,0
06037239502,06037,Urban,3697,0,0
06037239601,06037,Urban,3631,0,0
06037239602,06037,Urban,3487,0,0
06037239701,06037,Urban,4415,0,0
06037239702,06037,Urban,4224,0,0
06037239801,06037,Urban,3873,0,0
06037239802,06037,Urban,5103,0,0
06037240010,06037,Urban,3818,0,0
06037240020,06037,Urban,5294,0,0
06037240200,06037,Urban,5910,0,0
06037240301,06037,Urban,2831,0,0
06037240302,06037,Urban,3114,0,0
06037240401,06037,Urban,5493,0,0
06037240402,06037,Urban,3856,0,0
06037240500,06037,Urban,6505,0,0
06037240600,06037,Urban,5457,0,0
06037240700,06037,Urban,6573,0,0
06037240800,06037,Urban,4438,0,0
06037240901,06037,Urban,2697,0,0
06037240902,06037,Urban,3304,0,0
06037241001,06037,Urban,4525,0,0
06037241002,06037,Urban,3941,0,0
06037241110,06037,Urban,3295,0,0
06037241120,06037,Urban,4902,0,0
06037241201,06037,Urban,3105,0,0
06037241202,06037,Urban,5148,0,0
06037241300,06037,Urban,2262,0,0
06037241400,06037,Urban,3612,0,0
06037242000,06037,Urban,4459,0,0
06037242100,06037,Urban,2497,0,0
06037242201,06037,Urban,3696,0,0
06037242202,06037,Urban,3387,0,0
06037242300,06037,Urban,4958,0,0
06037242600,06037,Urban,4794,0,0
06037242700,06037,Urban,5932,0,0
06037243001,06037,Urban,3304,0,0
06037243002,06037,Urban,3527,0,0
06037243100,06037,Urban,5692,0,0
06037261102,06037,Urban,4072,1,0
06037261103,06037,Urban,1880,1,0
06037261104,06037,Urban,1638,1,0
06037261200,06037,Urban,4329,1,0
06037262100,06037,Urban,3195,1,0
06037262200,06037,Urban,4553,1,0
06037262301,06037,Urban,2778,1,0
06037262302,06037,Urban,2870,1,0
06037262303,06037,Urban,3157,1,0
06037262400,06037,Urban,3242,1,0
06037262501,06037,Urban,3741,1,0
06037262601,06037,Urban,3783,1,0
06037262604,06037,Urban,6116,1,0
06037262704,06037,Urban,3651,1,0
06037262706,06037,Urban,3537,0,0
06037262802,06037,Urban,3907,1,0
06037264000,06037,Urban,3284,1,0
06037264102,06037,Urban,3064,0,0
06037264103,06037,Urban,2605,0,0
06037264303,06037,Urban,2733,0,0
06037264304,06037,Urban,2616,0,0
06037264305,06037,Urban,3712,0,0
06037264306,06037,Urban,2228,0,0
06037265100,06037,Urban,2835,1,0
06037265201,06037,Urban,2108,0,0
06037265203,06037,Urban,2228,0,0
06037265204,06037,Urban,1182,0,0
06037265301,06037,Urban,13527,1,0
06037265303,06037,Urban,4012,0,0
06037265304,06037,Urban,3855,0,0
06037265306,06037,Urban,2081,0,0
06037265307,06037,Urban,3190,0,0
06037265410,06037,Urban,1592,1,0
06037265420,06037,Urban,1887,1,0
06037265521,06037,Urban,1948,0,0
06037265522,06037,Urban,2090,0,0
06037265523,06037,Urban,1884,0,0
06037265524,06037,Urban,2751,0,0
06037265601,06037,Urban,3140,0,0
06037265602,06037,Urban,3318,0,0
06037265701,06037,Urban,2047,0,0
06037265702,06037,Urban,2879,0,0
06037267101,06037,Urban,3142,0,0
06037267102,06037,Urban,3163,0,0
06037267201,06037,Urban,2865,0,0
06037267202,06037,Urban,3470,0,0
06037267300,06037,Urban,4408,0,0
06037267403,06037,Urban,3093,0,0
06037267404,06037,Urban,3403,0,0
06037267405,06037,Urban,2838,0,0
06037267406,06037,Urban,2180,0,0
06037267502,06037,Urban,3217,0,0
06037267503,06037,Urban,2112,0,0
06037267504,06037,Urban,3482,0,0
06037267600,06037,Urban,2709,0,0
06037267700,06037,Urban,3834,0,0
06037267800,06037,Urban,3034,0,0
06037267901,06037,Urban,3293,0,0
06037267902,06037,Urban,4002,0,0
06037269000,06037,Urban,5492,0,0
06037269100,06037,Urban,4752,0,0
06037269300,06037,Urban,4096,0,0
06037269500,06037,Urban,4262,0,0
06037269601,06037,Urban,3122,0,0
06037269602,06037,Urban,2964,0,0
06037269700,06037,Urban,4025,0,0
06037269800,06037,Urban,3386,0,0
06037269903,06037,Urban,3815,0,0
06037269905,06037,Urban,2661,0,0
06037269906,06037,Urban,3037,0,0
06037269907,06037,Urban,2671,0,0
06037269908,06037,Urban,1861,0,0
06037269909,06037,Urban,2243,0,0
06037270101,06037,Urban,2002,0,0
06037270102,06037,Urban,2186,0,0
06037270200,06037,Urban,3487,0,0
06037270300,06037,Urban,2651,0,0
06037271100,06037,Urban,2569,0,0
06037271200,06037,Urban,2592,0,0
06037271300,06037,Urban,4779,0,0
06037271400,06037,Urban,3482,0,0
06037271500,06037,Urban,3095,0,0
06037271600,06037,Urban,4826,0,0
06037271702,06037,Urban,4527,0,0
06037271703,06037,Urban,3191,0,0
06037271704,06037,Urban,2878,0,0
06037271801,06037,Urban,3666,0,0
06037271803,06037,Urban,3039,0,0
06037271804,06037,Urban,2565,0,0
06037271901,06037,Urban,2861,0,0
06037271902,06037,Urban,4044,0,0
06037272100,06037,Urban,4332,0,0
06037272201,06037,Urban,2394,0,0
06037272202,06037,Urban,3159,0,0
06037272301,06037,Urban,3000,0,0
06037272302,06037,Urban,3897,0,0
06037273100,06037,Urban,3597,0,0
06037273200,06037,Urban,3596,0,0
06037273300,06037,Urban,3477,0,0
06037273403,06037,Urban,1564,0,0
06037273404,06037,Urban,1558,0,0
06037273502,06037,Urban,2680,0,0
06037273600,06037,Urban,2189,0,0
06037273700,06037,Urban,2748,0,0
06037273800,06037,Urban,2933,0,0
06037273902,06037,Urban,4278,0,0
06037274100,06037,Urban,4824,0,0
06037274202,06037,Urban,4903,1,0
06037275101,06037,Urban,1186,0,0
06037275102,06037,Urban,3816,0,0
06037275200,06037,Urban,3850,0,0
06037275311,06037,Urban,4955,0,0
06037275312,06037,Urban,2201,0,0
06037275313,06037,Urban,3321,0,0
06037275400,06037,Urban,4625,0,0
06037275500,06037,Urban,5307,0,0
06037275603,06037,Urban,2731,0,0
06037275604,06037,Urban,10520,0,0
06037275605,06037,Urban,3581,1,0
06037276000,06037,Urban,6674,0,0
06037276101,06037,Urban,3787,0,0
06037276102,06037,Urban,3310,0,0
06037276400,06037,Urban,4099,0,0
06037276500,06037,Urban,4982,0,0
06037276601,06037,Urban,4058,0,0
06037276605,06037,Urban,2093,0,0
06037276606,06037,Urban,3353,0,0
06037276607,06037,Urban,2974,0,0
06037276608,06037,Urban,2106,0,0
06037277000,06037,Urban,5637,0,0
06037277100,06037,Urban,3017,0,0
06037277200,06037,Urban,1969,0,0
06037277400,06037,Urban,3,0,0
06037278001,06037,Urban,2687,0,0
06037278102,06037,Urban,2958,1,0
06037291110,06037,Urban,4213,0,0
06037291120,06037,Urban,2037,0,0
06037291130,06037,Urban,3454,0,0
06037291210,06037,Urban,5162,0,0
06037291220,06037,Urban,3255,0,0
06037291300,06037,Urban,2839,0,0
06037292001,06037,Urban,4791,0,0
06037292002,06037,Urban,1688,0,0
06037293203,06037,Urban,3337,0,0
06037293204,06037,Urban,3119,0,0
06037293205,06037,Urban,3873,0,0
06037293206,06037,Urban,3330,0,0
06037293301,06037,Urban,2793,0,0
06037293302,06037,Urban,4809,0,0
06037293304,06037,Urban,4150,0,0
06037293306,06037,Urban,2571,0,0
06037293307,06037,Urban,2460,0,0
06037294110,06037,Urban,3876,0,0
06037294120,06037,Urban,2324,0,0
06037294200,06037,Urban,4658,0,0
06037294301,06037,Urban,2501,0,0
06037294302,06037,Urban,4513,0,0
06037294410,06037,Urban,5310,0,0
06037294421,06037,Urban,2794,0,0
06037294510,06037,Urban,4057,0,0
06037294520,06037,Urban,3459,0,0
06037294610,06037,Urban,4025,0,0
06037294620,06037,Urban,4034,0,0
06037294701,06037,Urban,3110,0,0
06037294810,06037,Urban,3729,0,0
06037294820,06037,Urban,3346,0,0
06037294830,06037,Urban,3838,0,0
06037294900,06037,Urban,3871,0,0
06037295103,06037,Urban,4978,0,0
06037296210,06037,Urban,2976,0,0
06037296220,06037,Urban,4449,0,0
06037296300,06037,Urban,4874,0,0
06037296401,06037,Urban,3176,1,0
06037296402,06037,Urban,2971,0,0
06037296500,06037,Urban,3796,0,0
06037296600,06037,Urban,5305,0,0
06037296901,06037,Urban,4148,0,0
06037296902,06037,Urban,3987,0,0
06037297001,06037,Urban,1662,0,0
06037297002,06037,Urban,3657,0,0
06037297110,06037,Urban,4298,0,0
06037297120,06037,Urban,3425,0,0
06037297201,06037,Urban,3879,0,0
06037297202,06037,Urban,3546,0,0
06037297300,06037,Urban,2306,0,0
06037297400,06037,Urban,3760,1,0
06037297501,06037,Urban,2483,0,0
06037297502,06037,Urban,2508,0,0
06037297601,06037,Urban,2781,0,0
06037297602,06037,Urban,3579,0,0
06037300100,06037,Urban,6060,1,0
06037300200,06037,Urban,5492,0,0
06037300301,06037,Urban,6289,1,0
06037300400,06037,Urban,5948,0,0
06037300501,06037,Urban,3124,0,0
06037300503,06037,Urban,5321,0,0
06037300601,06037,Urban,5346,0,0
06037300602,06037,Urban,3580,0,0
06037300701,06037,Urban,6263,1,0
06037300702,06037,Urban,5725,1,0
06037300800,06037,Urban,7100,1,0
06037300901,06037,Urban,6478,1,0
06037300902,06037,Urban,2012,1,0
06037301000,06037,Urban,5050,0,0
06037301100,06037,Urban,6571,0,0
06037301203,06037,Urban,4417,0,0
06037301204,06037,Urban,4934,0,0
06037301205,06037,Urban,2211,0,0
06037301206,06037,Urban,5275,0,0
06037301300,06037,Urban,2070,0,0
06037301400,06037,Urban,3936,1,0
06037301501,06037,Urban,1861,0,0
06037301502,06037,Urban,6718,0,0
06037301601,06037,Urban,5952,0,0
06037301602,06037,Urban,3904,0,0
06037301701,06037,Urban,2852,0,0
06037301702,06037,Urban,5639,0,0
06037301801,06037,Urban,6139,0,0
06037301802,06037,Urban,5424,0,0
06037301901,06037,Urban,4857,0,0
06037301902,06037,Urban,3140,0,0
06037302002,06037,Urban,3998,0,0
06037302003,06037,Urban,3496,0,0
06037302004,06037,Urban,4175,0,0
06037302102,06037,Urban,6221,0,0
06037302103,06037,Urban,5334,0,0
06037302104,06037,Urban,3859,0,0
06037302201,06037,Urban,4017,0,0
06037302202,06037,Urban,4933,0,0
06037302301,06037,Urban,3804,0,0
06037302302,06037,Urban,5417,0,0
06037302401,06037,Urban,6484,0,0
06037302503,06037,Urban,4011,0,0
06037302504,06037,Urban,3927,0,0
06037302505,06037,Urban,3766,0,0
06037302506,06037,Urban,3410,0,0
06037310100,06037,Urban,5885,1,0
06037310201,06037,Urban,5521,0,0
06037310202,06037,Urban,4945,0,0
06037310300,06037,Urban,3132,0,0
06037310400,06037,Urban,3555,0,0
06037310501,06037,Urban,3788,0,0
06037310601,06037,Urban,6085,0,0
06037310602,06037,Urban,2956,0,0
06037310701,06037,Urban,2482,0,0
06037310703,06037,Urban,5126,0,0
06037310704,06037,Urban,4989,0,0
06037310705,06037,Urban,2387,0,0
06037310800,06037,Urban,5098,0,0
06037310900,06037,Urban,6999,0,0
06037311000,06037,Urban,3872,0,0
06037311100,06037,Urban,4010,0,0
06037311200,06037,Urban,3270,0,0
06037311300,06037,Urban,3874,0,0
06037311400,06037,Urban,2454,0,0
06037311500,06037,Urban,5921,0,0
06037311601,06037,Urban,2532,0,0
06037311602,06037,Urban,5254,0,0
06037311700,06037,Urban,6227,0,0
06037311801,06037,Urban,3066,0,0
06037311802,06037,Urban,3881,0,0
06037320101,06037,Urban,3632,0,0
06037320102,06037,Urban,3573,0,0
06037320201,06037,Urban,3818,0,0
06037320202,06037,Urban,5693,0,0
06037320300,06037,Urban,7230,0,0
06037400205,06037,Urban,3053,1,0
06037400206,06037,Urban,5184,1,0
06037400207,06037,Urban,4706,1,0
06037400208,06037,Urban,1559,0,0
06037400209,06037,Urban,4775,1,0
06037400304,06037,Urban,8163,1,1
06037400402,06037,Urban,4370,1,0
06037400403,06037,Urban,3993,1,0
06037400404,06037,Urban,4458,1,0
06037400501,06037,Rural,2051,0,0
06037400602,06037,Urban,4817,0,0
06037400603,06037,Urban,5514,1,0
06037400605,06037,Urban,7161,0,0
06037400801,06037,Urban,7039,1,0
06037401001,06037,Urban,3051,1,0
06037401002,06037,Urban,4164,0,0
06037401101,06037,Urban,5433,0,0
06037401102,06037,Urban,4051,0,0
06037401201,06037,Urban,3188,0,0
06037401202,06037,Urban,4439,0,0
06037401203,06037,Urban,5386,0,0
06037401303,06037,Urban,2235,0,0
06037401304,06037,Urban,5683,1,0
06037401311,06037,Urban,6909,1,0
06037401312,06037,Urban,5210,0,0
06037401500,06037,Urban,5027,0,0
06037401601,06037,Urban,5593,0,0
06037401602,06037,Urban,5792,0,0
06037401705,06037,Urban,3112,0,0
06037401706,06037,Urban,4522,0,0
06037401707,06037,Urban,8320,0,0
06037401801,06037,Urban,4000,0,0
06037401802,06037,Urban,3967,1,0
06037401901,06037,Urban,5428,0,0
06037401902,06037,Urban,5747,0,0
06037402001,06037,Urban,3693,0,0
06037402002,06037,Urban,4168,0,0
06037402101,06037,Urban,4748,0,0
06037402102,06037,Urban,5118,0,0
06037402200,06037,Urban,7276,1,1
06037402301,06037,Urban,5444,0,0
06037402303,06037,Urban,3986,0,0
06037402304,06037,Urban,3925,0,0
06037402403,06037,Urban,5272,0,0
06037402404,06037,Urban,2303,0,0
06037402405,06037,Urban,2959,0,0
06037402406,06037,Urban,4739,0,0
06037402501,06037,Urban,5362,0,0
06037402503,06037,Urban,3984,0,0
06037402504,06037,Urban,2902,0,0
06037402601,06037,Urban,3545,0,0
06037402602,06037,Urban,4079,0,0
06037402702,06037,Urban,6354,0,0
06037402703,06037,Urban,4880,0,0
06037402705,06037,Urban,3432,0,0
06037402706,06037,Urban,3962,0,0
06037402801,06037,Urban,4911,0,0
06037402803,06037,Urban,3273,0,0
06037402804,06037,Urban,4027,0,0
06037402902,06037,Urban,6856,0,0
06037402903,06037,Urban,4324,0,0
06037402904,06037,Urban,3606,0,0
06037403000,06037,Urban,6757,0,0
06037403305,06037,Urban,2076,1,0
06037403316,06037,Urban,6784,1,0
06037403317,06037,Urban,5098,1,0
06037403318,06037,Urban,6450,1,0
06037403319,06037,Urban,4214,0,0
06037403320,06037,Urban,5503,1,0
06037403321,06037,Urban,5275,1,0
06037403323,06037,Urban,5275,1,0
06037403324,06037,Urban,6516,1,0
06037403325,06037,Urban,5306,1,0
06037403326,06037,Urban,2606,0,0
06037403327,06037,Urban,2813,0,0
06037403328,06037,Urban,5936,1,0
06037403401,06037,Urban,4984,0,0
06037403402,06037,Urban,3549,1,0
06037403403,06037,Urban,4750,1,0
06037403404,06037,Urban,2389,1,0
06037403407,06037,Urban,2526,1,0
06037403408,06037,Urban,6022,1,0
06037403409,06037,Urban,4210,1,0
06037403500,06037,Urban,1828,1,0
06037403601,06037,Urban,7102,1,0
06037403702,06037,Urban,3884,0,0
06037403703,06037,Urban,4809,1,0
06037403721,06037,Urban,5429,0,0
06037403722,06037,Urban,5794,0,0
06037403801,06037,Urban,6346,0,0
06037403802,06037,Urban,5857,0,0
06037403901,06037,Urban,3198,0,0
06037403902,06037,Urban,5011,0,0
06037404000,06037,Urban,4545,0,0
06037404100,06037,Urban,6137,0,0
06037404201,06037,Urban,3950,0,0
06037404203,06037,Urban,3899,0,0
06037404301,06037,Urban,5460,0,0
06037404302,06037,Urban,2388,0,0
06037404401,06037,Urban,3838,0,0
06037404402,06037,Urban,5042,0,0
06037404501,06037,Urban,2720,0,0
06037404503,06037,Urban,2986,0,0
06037404504,06037,Urban,5087,0,0
06037404600,06037,Urban,1472,0,0
06037404701,06037,Urban,5620,0,0
06037404702,06037,Urban,5662,0,0
06037404703,06037,Urban,2912,0,0
06037404804,06037,Urban,4404,0,0
06037404805,06037,Urban,2706,0,0
06037404806,06037,Urban,5937,0,0
06037404901,06037,Urban,5279,0,0
06037404902,06037,Urban,3832,0,0
06037404903,06037,Urban,2742,0,0
06037405001,06037,Urban,5761,0,0
06037405002,06037,Urban,2971,0,0
06037405101,06037,Urban,5057,0,0
06037405102,06037,Urban,4793,0,0
06037405201,06037,Urban,5392,0,0
06037405202,06037,Urban,4894,0,0
06037405203,06037,Urban,3285,0,0
06037405301,06037,Urban,3614,0,0
06037405302,06037,Urban,5603,0,0
06037405400,06037,Urban,4858,0,0
06037405500,06037,Urban,6623,0,0
06037405600,06037,Urban,5645,0,0
06037405701,06037,Urban,3818,0,0
06037405702,06037,Urban,5285,0,0
06037405800,06037,Urban,5755,0,0
06037405900,06037,Urban,4423,0,0
06037406000,06037,Urban,5496,0,0
06037406101,06037,Urban,3583,0,0
06037406103,06037,Urban,8353,0,0
06037406201,06037,Urban,3731,0,0
06037406300,06037,Urban,5796,1,0
06037406413,06037,Urban,7129,1,0
06037406500,06037,Urban,7397,0,0
06037406601,06037,Urban,5397,0,0
06037406602,06037,Urban,4978,0,0
06037406701,06037,Urban,3112,0,0
06037406702,06037,Urban,7040,0,0
06037406801,06037,Urban,4993,0,0
06037406903,06037,Urban,7777,0,0
06037407001,06037,Urban,5623,0,0
06037407002,06037,Urban,3566,0,0
06037407101,06037,Urban,4645,0,0
06037407102,06037,Urban,5336,0,0
06037407201,06037,Urban,3251,0,0
06037407202,06037,Urban,3612,0,0
06037407301,06037,Urban,4593,0,0
06037407302,06037,Urban,3275,0,0
06037407400,06037,Urban,2126,0,0
06037407501,06037,Urban,4445,0,0
06037407502,06037,Urban,4052,0,0
06037407601,06037,Urban,4288,0,0
06037407602,06037,Urban,3732,0,0
06037407701,06037,Urban,4956,0,0
06037407702,06037,Urban,6249,0,0
06037407801,06037,Urban,4789,0,0
06037407802,06037,Urban,3336,0,0
06037407901,06037,Urban,4339,0,0
06037407902,06037,Urban,1922,0,0
06037408003,06037,Urban,4768,0,0
06037408004,06037,Urban,2544,0,0
06037408005,06037,Urban,5269,1,0
06037408006,06037,Urban,3750,0,0
06037408133,06037,Urban,5598,1,0
06037408134,06037,Urban,2640,0,0
06037408135,06037,Urban,3899,1,1
06037408136,06037,Urban,3832,0,0
06037408137,06037,Urban,4493,0,0
06037408138,06037,Urban,6131,0,0
06037408139,06037,Urban,4290,0,0
06037408140,06037,Urban,3775,0,0
06037408141,06037,Urban,5180,0,0
06037408212,06037,Urban,4519,0,0
06037408213,06037,Urban,5875,0,0
06037408301,06037,Urban,6101,0,0
06037408302,06037,Urban,4071,1,0
06037408303,06037,Urban,4383,1,0
06037408401,06037,Urban,4377,0,0
06037408402,06037,Urban,6070,1,0
06037408503,06037,Urban,6329,1,0
06037408504,06037,Urban,5336,0,0
06037408505,06037,Urban,2711,1,0
06037408623,06037,Urban,3065,0,0
06037408624,06037,Urban,3167,1,0
06037408625,06037,Urban,4336,1,0
06037408626,06037,Urban,4356,0,0
06037408627,06037,Urban,2818,0,0
06037408628,06037,Urban,5146,1,0
06037408629,06037,Urban,3005,1,0
06037408631,06037,Urban,5023,0,0
06037408703,06037,Urban,6069,1,0
06037408705,06037,Urban,5355,0,0
06037408707,06037,Urban,6542,1,0
06037408722,06037,Urban,4385,1,0
06037408724,06037,Urban,5486,0,0
06037408725,06037,Urban,5940,0,0
06037408800,06037,Urban,4795,0,0
06037408900,06037,Urban,5821,0,0
06037409000,06037,Urban,7033,1,1
06037409100,06037,Urban,5239,0,0
06037430003,06037,Urban,4553,1,0
06037430004,06037,Urban,3692,0,0
06037430005,06037,Urban,3835,0,0
06037430101,06037,Urban,5011,0,0
06037430102,06037,Urban,4636,0,0
06037430200,06037,Urban,1264,1,0
06037430301,06037,Urban,4406,1,0
06037430302,06037,Urban,5831,0,0
06037430400,06037,Urban,4393,1,0
06037430501,06037,Urban,4154,1,0
06037430502,06037,Urban,7114,0,0
06037430600,06037,Urban,4435,0,0
06037430701,06037,Urban,5045,1,0
06037430721,06037,Urban,3536,0,0
06037430723,06037,Urban,4643,0,0
06037430724,06037,Urban,5252,0,0
06037430801,06037,Urban,6778,0,0
06037430802,06037,Urban,4248,0,0
06037430803,06037,Urban,5363,0,0
06037430901,06037,Urban,4459,0,0
06037430902,06037,Urban,5175,0,0
06037431002,06037,Urban,3246,0,0
06037431003,06037,Urban,3831,0,0
06037431004,06037,Urban,3414,0,0
06037431100,06037,Urban,7140,0,0
06037431200,06037,Urban,6202,0,0
06037431300,06037,Urban,2611,0,0
06037431400,06037,Urban,3898,0,0
06037431501,06037,Urban,4281,0,0
06037431502,06037,Urban,4243,0,0
06037431600,06037,Urban,4173,0,0
06037431701,06037,Urban,6763,1,0
06037431800,06037,Urban,5246,0,0
06037431900,06037,Urban,3652,0,0
06037432001,06037,Urban,2627,0,0
06037432002,06037,Urban,5358,0,0
06037432101,06037,Urban,4113,0,0
06037432102,06037,Urban,5976,0,0
06037432201,06037,Urban,4235,0,0
06037432202,06037,Urban,4212,0,0
06037432300,06037,Urban,3873,0,0
06037432401,06037,Urban,3544,0,0
06037432402,06037,Urban,6040,0,0
06037432501,06037,Urban,4746,0,0
06037432502,06037,Urban,3431,0,0
06037432601,06037,Urban,6374,0,0
06037432602,06037,Urban,4504,0,0
06037432700,06037,Urban,5363,0,0
06037432801,06037,Urban,2620,0,0
06037432802,06037,Urban,5540,0,0
06037432901,06037,Urban,4202,0,0
06037432902,06037,Urban,3358,0,0
06037433103,06037,Urban,6692,0,0
06037433200,06037,Urban,6088,0,0
06037433302,06037,Urban,1701,0,0
06037433304,06037,Urban,4595,0,0
06037433305,06037,Urban,4622,0,0
06037433306,06037,Urban,3111,0,0
06037433307,06037,Urban,3220,0,0
06037433402,06037,Urban,4184,0,0
06037433403,06037,Urban,4783,0,0
06037433505,06037,Urban,4486,0,0
06037433506,06037,Urban,3971,0,0
06037433601,06037,Urban,4586,0,0
06037433602,06037,Urban,2858,0,0
06037433803,06037,Urban,3037,0,0
06037433804,06037,Urban,4497,0,0
06037433901,06037,Urban,5097,0,0
06037433903,06037,Urban,5619,0,0
06037434001,06037,Urban,4715,0,0
06037434003,06037,Urban,4093,0,0
06037434004,06037,Urban,2746,0,0
06037434100,06037,Urban,6509,0,0
06037460001,06037,Urban,1609,1,0
06037460002,06037,Urban,3283,1,0
06037460101,06037,Urban,5846,1,0
06037460200,06037,Urban,5561,1,0
06037460301,06037,Urban,4733,1,0
06037460302,06037,Urban,4273,0,0
06037460401,06037,Urban,1063,0,0
06037460501,06037,Urban,5555,1,0
06037460502,06037,Urban,4495,0,0
06037460601,06037,Urban,5488,1,0
06037460700,06037,Urban,5035,1,0
06037460800,06037,Urban,3219,1,0
06037460900,06037,Urban,6893,1,1
06037461000,06037,Urban,5817,0,0
06037461100,06037,Urban,4894,0,0
06037461200,06037,Urban,4555,0,0
06037461300,06037,Urban,6533,0,0
06037461400,06037,Urban,2939,0,0
06037461501,06037,Urban,3508,0,0
06037461502,06037,Urban,5748,0,0
06037461600,06037,Urban,5435,0,0
06037461700,06037,Urban,1492,0,0
06037461901,06037,Urban,4609,0,0
06037461902,06037,Urban,2142,0,0
06037462001,06037,Urban,3501,0,0
06037462002,06037,Urban,3801,0,0
06037462100,06037,Urban,4877,0,0
06037462201,06037,Urban,3711,0,0
06037462202,06037,Urban,3348,0,0
06037462301,06037,Urban,4407,0,0
06037462302,06037,Urban,3314,0,0
06037462400,06037,Urban,4040,0,0
06037462500,06037,Urban,6157,0,0
06037462600,06037,Urban,2293,0,0
06037462700,06037,Urban,5727,0,0
06037462800,06037,Urban,2939,0,0
06037462900,06037,Urban,3775,0,0
06037463000,06037,Urban,2706,0,0
06037463103,06037,Urban,6074,0,0
06037463200,06037,Urban,3478,0,0
06037463300,06037,Urban,2101,0,0
06037463400,06037,Urban,5918,0,0
06037463500,06037,Urban,5523,0,0
06037463601,06037,Urban,6231,0,0
06037463602,06037,Urban,5728,0,0
06037463700,06037,Urban,3912,0,0
06037463800,06037,Urban,3953,1,0
06037463900,06037,Urban,3418,0,0
06037464000,06037,Urban,5832,1,0
06037464101,06037,Urban,2770,1,0
06037464102,06037,Urban,3989,1,0
06037464200,06037,Urban,5747,1,0
06037480002,06037,Urban,3416,0,0
06037480011,06037,Urban,5238,0,0
06037480012,06037,Urban,4917,0,0
06037480101,06037,Urban,4107,0,0
06037480102,06037,Urban,4325,0,0
06037480201,06037,Urban,3923,0,0
06037480202,06037,Urban,2518,0,0
06037480302,06037,Urban,4380,0,0
06037480303,06037,Urban,3806,0,0
06037480304,06037,Urban,4263,0,0
06037480400,06037,Urban,5698,0,0
06037480500,06037,Urban,5543,0,0
06037480601,06037,Urban,4241,0,0
06037480602,06037,Urban,4183,0,0
06037480702,06037,Urban,4723,1,0
06037480703,06037,Urban,3410,0,0
06037480704,06037,Urban,4843,0,0
06037480802,06037,Urban,3079,0,0
06037480803,06037,Urban,3418,0,0
06037480804,06037,Urban,4866,0,0
06037480901,06037,Urban,4611,0,0
06037480902,06037,Urban,4024,0,0
06037480903,06037,Urban,3023,0,0
06037481001,06037,Urban,4271,0,0
06037481002,06037,Urban,5878,0,0
06037481101,06037,Urban,4100,0,0
06037481102,06037,Urban,4083,0,0
06037481103,06037,Urban,5340,0,0
06037481201,06037,Urban,3786,0,0
06037481203,06037,Urban,6375,0,0
06037481300,06037,Urban,2938,0,0
06037481401,06037,Urban,5725,0,0
06037481403,06037,Urban,2933,0,0
06037481404,06037,Urban,3934,0,0
06037481500,06037,Urban,4344,0,0
06037481603,06037,Urban,3737,0,0
06037481604,06037,Urban,3863,0,0
06037481605,06037,Urban,3178,0,0
06037481606,06037,Urban,4824,0,0
06037481711,06037,Urban,4606,0,0
06037481712,06037,Urban,5076,0,0
06037481713,06037,Urban,2731,0,0
06037481714,06037,Urban,2485,0,0
06037481800,06037,Urban,2587,0,0
06037481901,06037,Urban,5721,0,0
06037481902,06037,Urban,3297,0,0
06037482001,06037,Urban,2719,1,0
06037482002,06037,Urban,7194,0,0
06037482101,06037,Urban,4771,0,0
06037482102,06037,Urban,2846,0,0
06037482201,06037,Urban,3808,0,0
06037482202,06037,Urban,5184,0,0
06037482301,06037,Urban,4989,0,0
06037482303,06037,Urban,5482,0,0
06037482304,06037,Urban,3409,0,0
06037482401,06037,Urban,3535,0,0
06037482403,06037,Urban,3310,0,0
06037482404,06037,Urban,2901,0,0
06037482502,06037,Urban,3213,0,0
06037482503,06037,Urban,3957,0,0
06037482521,06037,Urban,5577,1,1
06037482522,06037,Urban,4455,0,0
06037482600,06037,Urban,7182,1,0
06037482701,06037,Urban,4096,0,0
06037482702,06037,Urban,2404,0,0
06037482801,06037,Urban,4193,0,0
06037500100,06037,Urban,3729,1,0
06037500202,06037,Urban,4982,1,0
06037500203,06037,Urban,4188,0,0
06037500204,06037,Urban,2343,1,0
06037500300,06037,Urban,3024,1,0
06037500402,06037,Urban,4566,0,0
06037500403,06037,Urban,4025,1,0
06037500404,06037,Urban,4767,0,0
06037500500,06037,Urban,2954,0,0
06037500600,06037,Urban,5438,0,0
06037500700,06037,Urban,6582,0,0
06037500800,06037,Urban,5333,1,0
06037500900,06037,Urban,5602,0,0
06037501001,06037,Urban,3023,0,0
06037501002,06037,Urban,4882,0,0
06037501200,06037,Urban,5114,0,0
06037501301,06037,Urban,3020,0,0
06037501302,06037,Urban,4476,0,0
06037501400,06037,Urban,3826,0,0
06037501501,06037,Urban,2411,0,0
06037501503,06037,Urban,5215,0,0
06037501504,06037,Urban,3580,0,0
06037501600,06037,Rural,6863,0,0
06037501700,06037,Urban,4114,0,0
06037501802,06037,Urban,3438,0,0
06037501803,06037,Urban,4687,0,0
06037501804,06037,Urban,2247,0,0
06037501900,06037,Urban,4336,0,0
06037502003,06037,Urban,2745,0,0
06037502004,06037,Urban,4088,0,0
06037502005,06037,Urban,4382,0,0
06037502100,06037,Urban,5079,0,0
06037502200,06037,Urban,6477,0,0
06037502303,06037,Urban,8396,0,0
06037502401,06037,Urban,4772,0,0
06037502402,06037,Urban,3789,0,0
06037502500,06037,Urban,4124,0,0
06037502602,06037,Urban,4377,0,0
06037502603,06037,Urban,3407,0,0
06037502604,06037,Urban,3662,0,0
06037502700,06037,Urban,7682,0,0
06037502801,06037,Urban,6347,0,0
06037502901,06037,Urban,5449,0,0
06037503000,06037,Urban,5675,0,0
06037503103,06037,Urban,4774,0,0
06037503104,06037,Urban,2561,0,0
06037503105,06037,Urban,3618,0,0
06037503106,06037,Urban,3822,0,0
06037503201,06037,Urban,4002,0,0
06037503202,06037,Urban,4350,0,0
06037503301,06037,Urban,3488,0,0
06037503302,06037,Urban,6295,0,0
06037503401,06037,Urban,7036,0,0
06037503402,06037,Urban,4631,0,0
06037503501,06037,Urban,6485,0,0
06037503502,06037,Urban,4297,0,0
06037503601,06037,Urban,4189,0,0
06037503602,06037,Urban,3838,0,0
06037503701,06037,Urban,4941,0,0
06037503702,06037,Urban,5453,0,0
06037503704,06037,Urban,4598,1,0
06037503705,06037,Urban,3222,0,0
06037503801,06037,Urban,4085,0,0
06037503802,06037,Urban,5139,0,0
06037503901,06037,Urban,2799,0,0
06037503902,06037,Urban,4663,0,0
06037504001,06037,Urban,5053,0,0
06037504002,06037,Urban,5327,0,0
06037504101,06037,Urban,5095,0,0
06037504200,06037,Urban,7528,0,0
06037530005,06037,Urban,4191,1,0
06037530006,06037,Urban,4295,0,0
06037530007,06037,Urban,6651,0,0
06037530101,06037,Urban,5333,0,0
06037530102,06037,Urban,4994,0,0
06037530202,06037,Urban,4056,0,0
06037530203,06037,Urban,3357,0,0
06037530204,06037,Urban,3528,0,0
06037530301,06037,Urban,2308,0,0
06037530302,06037,Urban,6375,0,0
06037530400,06037,Urban,4066,0,0
06037530500,06037,Urban,4270,0,0
06037530603,06037,Urban,4440,0,0
06037530700,06037,Urban,2175,0,0
06037530801,06037,Urban,5511,0,0
06037530802,06037,Urban,3240,0,0
06037530901,06037,Urban,3674,0,0
06037530902,06037,Urban,3820,0,0
06037531000,06037,Urban,5109,0,0
06037531101,06037,Urban,4589,0,0
06037531102,06037,Urban,3233,0,0
06037531201,06037,Urban,4855,0,0
06037531202,06037,Urban,4518,0,0
06037531301,06037,Urban,5365,0,0
06037531302,06037,Urban,6411,0,0
06037531502,06037,Urban,3279,0,0
06037531503,06037,Urban,2985,0,0
06037531504,06037,Urban,4033,0,0
06037531602,06037,Urban,4134,0,0
06037531603,06037,Urban,3285,0,0
06037531604,06037,Urban,3453,0,0
06037531701,06037,Urban,5498,0,0
06037531702,06037,Urban,4564,0,0
06037531800,06037,Urban,4740,0,0
06037531901,06037,Urban,6228,0,0
06037531902,06037,Urban,3953,0,0
06037532001,06037,Urban,3296,0,0
06037532002,06037,Urban,3254,0,0
06037532101,06037,Urban,6686,0,0
06037532102,06037,Urban,3835,0,0
06037532200,06037,Urban,6599,0,0
06037532302,06037,Urban,4452,0,0
06037532303,06037,Urban,4364,0,0
06037532304,06037,Urban,3660,0,0
06037532500,06037,Urban,3838,0,0
06037532605,06037,Urban,3812,0,0
06037532606,06037,Urban,4125,0,0
06037532607,06037,Urban,5694,0,0
06037532700,06037,Urban,2878,0,0
06037532800,06037,Urban,4204,0,0
06037532900,06037,Urban,6358,0,0
06037533001,06037,Urban,4439,0,0
06037533002,06037,Urban,2370,0,0
06037533103,06037,Urban,3233,0,0
06037533104,06037,Urban,3923,0,0
06037533105,06037,Urban,2423,0,0
06037533108,06037,Urban,5133,0,0
06037533201,06037,Urban,2602,0,0
06037533204,06037,Urban,4143,0,0
06037533300,06037,Urban,3172,0,0
06037533401,06037,Urban,4677,0,0
06037533402,06037,Urban,3902,0,0
06037533403,06037,Urban,2778,0,0
06037533501,06037,Urban,2958,0,0
06037533504,06037,Urban,3848,0,0
06037533601,06037,Urban,4414,0,0
06037533602,06037,Urban,5024,0,0
06037533603,06037,Urban,6106,0,0
06037533701,06037,Urban,3207,0,0
06037533702,06037,Urban,3380,0,0
06037533703,06037,Urban,4022,0,0
06037533803,06037,Urban,6152,0,0
06037533804,06037,Urban,4331,0,0
06037533805,06037,Urban,3493,0,0
06037533806,06037,Urban,3941,0,0
06037533901,06037,Urban,5864,0,0
06037533902,06037,Urban,3840,0,0
06037534001,06037,Urban,5132,0,0
06037534002,06037,Urban,4130,0,0
06037534101,06037,Urban,2100,0,0
06037534102,06037,Urban,5742,0,0
06037534201,06037,Urban,4232,0,0
06037534202,06037,Urban,5373,0,0
06037534203,06037,Urban,3088,0,0
06037534301,06037,Urban,4423,0,0
06037534302,06037,Urban,3662,0,0
06037534403,06037,Urban,2874,0,0
06037534404,06037,Urban,3555,0,0
06037534405,06037,Urban,4059,0,0
06037534406,06037,Urban,4238,0,0
06037534501,06037,Urban,5077,0,0
06037534502,06037,Urban,4074,0,0
06037534700,06037,Urban,4108,0,0
06037534802,06037,Urban,2759,0,0
06037534803,06037,Urban,4629,0,0
06037534804,06037,Urban,3718,0,0
06037534900,06037,Urban,6241,0,0
06037535001,06037,Urban,4152,0,0
06037535002,06037,Urban,3318,0,0
06037535101,06037,Urban,7329,0,0
06037535102,06037,Urban,4557,0,0
06037535200,06037,Urban,6031,0,0
06037535300,06037,Urban,6511,0,0
06037535400,06037,Urban,3595,0,0
06037535501,06037,Urban,3711,0,0
06037535502,06037,Urban,4740,0,0
06037535503,06037,Urban,2370,0,0
06037535603,06037,Urban,4111,0,0
06037535604,06037,Urban,4213,0,0
06037535605,06037,Urban,4042,0,0
06037535606,06037,Urban,1833,0,0
06037535607,06037,Urban,4521,0,0
06037535701,06037,Urban,6001,0,0
06037535702,06037,Urban,5429,0,0
06037535802,06037,Urban,6481,0,0
06037535803,06037,Urban,4242,0,0
06037535804,06037,Urban,5209,0,0
06037535901,06037,Urban,5682,0,0
06037535902,06037,Urban,6236,0,0
06037536000,06037,Urban,3471,0,0
06037536102,06037,Urban,3343,1,1
06037536103,06037,Urban,5438,0,0
06037536104,06037,Urban,4127,0,0
06037536201,06037,Urban,3583,0,0
06037536202,06037,Urban,3949,0,0
06037540000,06037,Urban,6678,0,0
06037540101,06037,Urban,6281,0,0
06037540102,06037,Urban,6833,0,0
06037540201,06037,Urban,2113,0,0
06037540202,06037,Urban,6497,0,0
06037540203,06037,Urban,5135,0,0
06037540300,06037,Urban,4997,0,0
06037540400,06037,Urban,2224,0,0
06037540501,06037,Urban,6411,0,0
06037540502,06037,Urban,6131,0,0
06037540600,06037,Urban,4440,0,0
06037540700,06037,Urban,3544,0,0
06037540800,06037,Urban,6321,0,0
06037540901,06037,Urban,5324,0,0
06037540902,06037,Urban,4918,0,0
06037541003,06037,Urban,4863,0,0
06037541100,06037,Urban,3370,0,0
06037541200,06037,Urban,6048,0,0
06037541300,06037,Urban,6166,0,0
06037541401,06037,Urban,3848,0,0
06037541402,06037,Urban,3801,0,0
06037541500,06037,Urban,5675,0,0
06037541603,06037,Urban,2748,0,0
06037541604,06037,Urban,5993,0,0
06037541605,06037,Urban,5132,0,0
06037541606,06037,Urban,2415,0,0
06037541700,06037,Urban,6278,0,0
06037541801,06037,Urban,5529,0,0
06037541802,06037,Urban,5293,0,0
06037542000,06037,Urban,5358,0,0
06037542103,06037,Urban,4019,0,0
06037542104,06037,Urban,3475,0,0
06037542105,06037,Urban,4743,0,0
06037542106,06037,Urban,3532,0,0
06037542200,06037,Urban,6898,0,0
06037542401,06037,Urban,5049,0,0
06037542402,06037,Urban,3127,0,0
06037542501,06037,Urban,4283,0,0
06037542502,06037,Urban,4310,0,0
06037542601,06037,Urban,2810,0,0
06037542602,06037,Urban,5608,0,0
06037542700,06037,Urban,5684,0,0
06037542800,06037,Urban,3336,0,0
06037542900,06037,Urban,3184,0,0
06037543000,06037,Urban,4684,0,0
06037543100,06037,Urban,6988,0,0
06037543201,06037,Urban,3687,0,0
06037543203,06037,Urban,4873,0,0
06037543304,06037,Urban,6339,1,0
06037543305,06037,Urban,3251,1,1
06037543306,06037,Urban,6778,0,0
06037543321,06037,Urban,6034,1,0
06037543322,06037,Urban,6844,0,0
06037543400,06037,Urban,4132,0,0
06037543501,06037,Urban,7053,0,0
06037543502,06037,Urban,4424,0,0
06037543503,06037,Urban,6080,0,0
06037543601,06037,Urban,3887,0,0
06037543603,06037,Urban,3903,0,0
06037543605,06037,Urban,4609,0,0
06037543606,06037,Urban,3854,0,0
06037543607,06037,Urban,5502,0,0
06037543701,06037,Urban,2845,0,0
06037543703,06037,Urban,3429,0,0
06037543704,06037,Urban,3284,0,0
06037543705,06037,Urban,3624,0,0
06037543801,06037,Urban,5093,0,0
06037543803,06037,Urban,5173,0,0
06037543804,06037,Urban,4835,0,0
06037543903,06037,Urban,4090,0,0
06037543905,06037,Urban,4344,0,0
06037544001,06037,Urban,4689,0,0
06037544002,06037,Urban,3172,0,0
06037550101,06037,Urban,3974,0,0
06037550201,06037,Urban,2853,0,0
06037550202,06037,Urban,5358,0,0
06037550301,06037,Urban,4147,0,0
06037550501,06037,Urban,3604,0,0
06037550502,06037,Urban,4248,0,0
06037550601,06037,Urban,5861,0,0
06037550602,06037,Urban,4444,0,0
06037550700,06037,Urban,7215,0,0
06037550801,06037,Urban,4684,0,0
06037550802,06037,Urban,2632,0,0
06037550901,06037,Urban,4497,0,0
06037550902,06037,Urban,5675,0,0
06037551001,06037,Urban,3920,0,0
06037551002,06037,Urban,3765,0,0
06037551101,06037,Urban,3966,0,0
06037551102,06037,Urban,5451,0,0
06037551201,06037,Urban,3673,0,0
06037551203,06037,Urban,3737,0,0
06037551204,06037,Urban,4067,0,0
06037551300,06037,Urban,5450,0,0
06037551401,06037,Urban,4425,0,0
06037551402,06037,Urban,4567,0,0
06037551501,06037,Urban,4920,0,0
06037551502,06037,Urban,4255,0,0
06037551700,06037,Urban,6340,0,0
06037551801,06037,Urban,3225,0,0
06037551802,06037,Urban,4373,0,0
06037551900,06037,Urban,5561,0,0
06037552001,06037,Urban,4041,0,0
06037552002,06037,Urban,3419,0,0
06037552100,06037,Urban,5995,0,0
06037552200,06037,Urban,6474,0,0
06037552301,06037,Urban,4471,0,0
06037552302,06037,Urban,3599,0,0
06037552400,06037,Urban,2518,0,0
06037552601,06037,Urban,5227,0,0
06037552602,06037,Urban,4132,0,0
06037552700,06037,Urban,6885,0,0
06037552800,06037,Urban,6267,0,0
06037552900,06037,Urban,7018,0,0
06037553000,06037,Urban,4866,0,0
06037553100,06037,Urban,6536,0,0
06037553201,06037,Urban,3756,0,0
06037553202,06037,Urban,3620,0,0
06037553300,06037,Urban,3530,0,0
06037553400,06037,Urban,3926,0,0
06037553502,06037,Urban,4147,0,0
06037553503,06037,Urban,2730,0,0
06037553504,06037,Urban,5320,0,0
06037553601,06037,Urban,4839,0,0
06037553602,06037,Urban,4922,0,0
06037553701,06037,Urban,3861,0,0
06037553702,06037,Urban,4606,0,0
06037553801,06037,Urban,4021,0,0
06037553802,06037,Urban,6601,0,0
06037553901,06037,Urban,6709,0,0
06037553902,06037,Urban,5977,0,0
06037554001,06037,Urban,4426,0,0
06037554002,06037,Urban,6135,0,0
06037554101,06037,Urban,3778,0,0
06037554105,06037,Urban,4509,0,0
06037554106,06037,Urban,4368,0,0
06037554201,06037,Urban,4096,0,0
06037554203,06037,Urban,3635,0,0
06037554204,06037,Urban,4600,0,0
06037554301,06037,Urban,3499,0,0
06037554302,06037,Urban,4072,0,0
06037554403,06037,Urban,5602,0,0
06037554404,06037,Urban,4509,0,0
06037554405,06037,Urban,3328,0,0
06037554406,06037,Urban,5191,0,0
06037554511,06037,Urban,4013,1,0
06037554512,06037,Urban,6583,0,0
06037554513,06037,Urban,2540,0,0
06037554514,06037,Urban,4496,0,0
06037554515,06037,Urban,3641,0,0
06037554516,06037,Urban,3821,0,0
06037554517,06037,Urban,4737,0,0
06037554518,06037,Urban,5365,0,0
06037554519,06037,Urban,3489,0,0
06037554521,06037,Urban,5987,0,0
06037554522,06037,Urban,4906,0,0
06037554600,06037,Urban,4311,0,0
06037554700,06037,Urban,4503,0,0
06037554801,06037,Urban,3281,0,0
06037554802,06037,Urban,6045,0,0
06037554900,06037,Urban,7069,0,0
06037555001,06037,Urban,5579,0,0
06037555002,06037,Urban,3563,0,0
06037555105,06037,Urban,6245,0,0
06037555106,06037,Urban,3696,0,0
06037555107,06037,Urban,5729,0,0
06037555202,06037,Urban,3551,0,0
06037555211,06037,Urban,5773,0,0
06037555212,06037,Urban,4680,0,0
06037555300,06037,Urban,3980,0,0
06037570001,06037,Urban,4430,0,0
06037570002,06037,Urban,2883,0,0
06037570003,06037,Urban,4617,0,0
06037570100,06037,Urban,2950,0,0
06037570202,06037,Urban,6122,0,0
06037570203,06037,Urban,4051,0,0
06037570204,06037,Urban,4133,0,0
06037570303,06037,Urban,3925,0,0
06037570304,06037,Urban,5007,0,0
06037570305,06037,Urban,5291,0,0
06037570306,06037,Urban,3010,0,0
06037570402,06037,Urban,3391,0,0
06037570403,06037,Urban,4556,0,0
06037570404,06037,Urban,3509,0,0
06037570502,06037,Urban,6558,0,0
06037570503,06037,Urban,3789,0,0
06037570504,06037,Urban,3903,0,0
06037570601,06037,Urban,5235,0,0
06037570602,06037,Urban,6557,0,0
06037570603,06037,Urban,5391,0,0
06037570701,06037,Urban,6993,0,0
06037570703,06037,Urban,3473,0,0
06037570800,06037,Urban,5661,0,0
06037570901,06037,Urban,5747,0,0
06037570902,06037,Urban,3653,0,0
06037571000,06037,Urban,5792,0,0
06037571101,06037,Urban,4654,0,0
06037571102,06037,Urban,4006,0,0
06037571201,06037,Urban,3775,0,0
06037571202,06037,Urban,4459,0,0
06037571300,06037,Urban,4638,0,0
06037571400,06037,Urban,4950,0,0
06037571502,06037,Urban,5067,0,0
06037571504,06037,Urban,4935,0,0
06037571505,06037,Urban,2969,0,0
06037571600,06037,Urban,2180,0,0
06037571701,06037,Urban,6495,0,0
06037571703,06037,Urban,3505,0,0
06037571704,06037,Urban,3947,0,0
06037571800,06037,Urban,3229,0,0
06037571900,06037,Urban,5769,0,0
06037572001,06037,Urban,5434,0,0
06037572201,06037,Urban,6141,0,0
06037572202,06037,Urban,3848,0,0
06037572301,06037,Urban,3840,0,0
06037572500,06037,Urban,4244,0,0
06037572600,06037,Urban,5276,0,0
06037572700,06037,Urban,5405,0,0
06037573002,06037,Urban,3484,0,0
06037573003,06037,Urban,1790,0,0
06037573004,06037,Urban,4670,0,0
06037573101,06037,Urban,4220,0,0
06037573102,06037,Urban,3245,0,0
06037573201,06037,Urban,4606,0,0
06037573202,06037,Urban,6250,0,0
06037573300,06037,Urban,4068,0,0
06037573401,06037,Urban,1575,0,0
06037573402,06037,Urban,6827,0,0
06037573403,06037,Urban,3446,0,0
06037573601,06037,Urban,6441,0,0
06037573700,06037,Urban,4790,0,0
06037573800,06037,Urban,4371,0,0
06037573902,06037,Urban,2263,1,0
06037574000,06037,Urban,5322,0,0
06037574100,06037,Urban,5251,1,0
06037574201,06037,Urban,3287,0,0
06037574202,06037,Urban,2206,0,0
06037574300,06037,Urban,6044,0,0
06037574400,06037,Urban,5420,0,0
06037574500,06037,Urban,6533,0,0
06037574602,06037,Urban,1243,0,0
06037574800,06037,Urban,3165,0,0
06037574901,06037,Urban,3829,0,0
06037574902,06037,Urban,5192,0,0
06037575001,06037,Urban,4144,0,0
06037575002,06037,Urban,4760,0,0
06037575101,06037,Urban,4568,0,0
06037575102,06037,Urban,4064,0,0
06037575103,06037,Urban,5088,0,0
06037575201,06037,Urban,4664,0,0
06037575202,06037,Urban,4278,0,0
06037575300,06037,Urban,4545,0,0
06037575401,06037,Urban,4530,0,0
06037575402,06037,Urban,3454,0,0
06037575801,06037,Urban,1961,0,0
06037575802,06037,Urban,4544,0,0
06037575803,06037,Urban,2684,0,0
06037575901,06037,Urban,3278,0,0
06037575902,06037,Urban,5622,0,0
06037576001,06037,Urban,5921,0,0
06037576200,06037,Urban,7148,0,0
06037576301,06037,Urban,4564,0,0
06037576302,06037,Urban,3901,0,0
06037576401,06037,Urban,4060,0,0
06037576402,06037,Urban,4705,0,0
06037576403,06037,Urban,4830,0,0
06037576501,06037,Urban,3094,0,0
06037576502,06037,Urban,4190,0,0
06037576503,06037,Urban,4093,0,0
06037576601,06037,Urban,4770,0,0
06037576602,06037,Urban,4403,0,0
06037576700,06037,Urban,4153,0,0
06037576801,06037,Urban,4286,0,0
06037576802,06037,Urban,3989,0,0
06037576901,06037,Urban,5366,0,0
06037576903,06037,Urban,3814,0,0
06037576904,06037,Urban,3239,0,0
06037577000,06037,Urban,7264,0,0
06037577100,06037,Urban,7051,0,0
06037577200,06037,Urban,5750,0,0
06037577300,06037,Urban,5535,0,0
06037577400,06037,Urban,3173,0,0
06037577501,06037,Urban,3440,0,0
06037577504,06037,Urban,1393,1,0
06037577602,06037,Urban,3370,0,0
06037577604,06037,Urban,1300,1,0
06037577605,06037,Urban,4799,0,0
06037577606,06037,Urban,3547,0,0
06037577700,06037,Urban,4672,0,0
06037577800,06037,Urban,5085,0,0
06037577900,06037,Urban,5481,0,0
06037578000,06037,Urban,7189,0,0
06037578100,06037,Urban,2094,0,0
06037599000,06037,Urban,3322,0,0
06037599100,06037,Rural,553,0,0
06037600100,06037,Urban,7098,0,0
06037600201,06037,Urban,4690,0,0
06037600202,06037,Urban,7071,0,0
06037600302,06037,Urban,3472,0,0
06037600303,06037,Urban,3813,0,0
06037600304,06037,Urban,3781,0,0
06037600400,06037,Urban,3988,0,0
06037600501,06037,Urban,2632,0,0
06037600601,06037,Urban,2571,0,0
06037600602,06037,Urban,2370,0,0
06037600702,06037,Urban,4182,0,0
06037600703,06037,Urban,2326,0,0
06037600704,06037,Urban,3010,0,0
06037600801,06037,Urban,3206,0,0
06037600802,06037,Urban,2643,0,0
06037600902,06037,Urban,6798,0,0
06037600911,06037,Urban,3282,0,0
06037600912,06037,Urban,5174,0,0
06037601001,06037,Urban,2274,0,0
06037601002,06037,Urban,5457,0,0
06037601100,06037,Urban,6159,0,0
06037601202,06037,Urban,3832,0,0
06037601211,06037,Urban,2833,0,0
06037601212,06037,Urban,6319,0,0
06037601301,06037,Urban,1958,0,0
06037601302,06037,Urban,6785,0,0
06037601303,06037,Urban,4959,0,0
06037601401,06037,Urban,5012,0,0
06037601402,06037,Urban,4782,0,0
06037601501,06037,Urban,3500,0,0
06037601502,06037,Urban,3374,0,0
06037601600,06037,Urban,4164,0,0
06037601700,06037,Urban,4931,0,0
06037601801,06037,Urban,3462,0,0
06037601802,06037,Urban,3896,0,0
06037601900,06037,Urban,5091,0,0
06037602002,06037,Urban,3007,0,0
06037602003,06037,Urban,4759,0,0
06037602103,06037,Urban,6931,0,0
06037602104,06037,Urban,5541,0,0
06037602105,06037,Urban,4302,0,0
06037602106,06037,Urban,5693,0,0
06037602201,06037,Urban,4552,0,0
06037602202,06037,Urban,3112,0,0
06037602301,06037,Urban,6188,0,0
06037602302,06037,Urban,5300,0,0
06037602402,06037,Urban,6812,0,0
06037602403,06037,Urban,5172,0,0
06037602404,06037,Urban,5848,0,0
06037602504,06037,Urban,4670,0,0
06037602505,06037,Urban,4427,0,0
06037602506,06037,Urban,4429,0,0
06037602507,06037,Urban,5321,0,0
06037602510,06037,Urban,3510,0,0
06037602511,06037,Urban,3602,0,0
06037602512,06037,Urban,2442,0,0
06037602513,06037,Urban,1590,0,0
06037602601,06037,Urban,4784,0,0
06037602602,06037,Urban,3339,0,0
06037602700,06037,Urban,3674,0,0
06037602801,06037,Urban,4391,0,0
06037602802,06037,Urban,4365,0,0
06037602900,06037,Urban,4293,0,0
06037603004,06037,Urban,1846,0,0
06037603005,06037,Urban,5628,0,0
06037603006,06037,Urban,2272,0,0
06037603007,06037,Urban,4080,0,0
06037603008,06037,Urban,3186,0,0
06037603101,06037,Urban,4448,0,0
06037603102,06037,Urban,4034,0,0
06037603200,06037,Urban,3199,0,0
06037603301,06037,Urban,3914,0,0
06037603302,06037,Urban,4454,0,0
06037603400,06037,Urban,4504,0,0
06037603500,06037,Urban,3083,0,0
06037603600,06037,Urban,3963,0,0
06037603702,06037,Urban,4993,0,0
06037603703,06037,Urban,2572,0,0
06037603705,06037,Urban,2589,0,0
06037603706,06037,Urban,3624,0,0
06037603801,06037,Urban,4630,0,0
06037603802,06037,Urban,3937,0,0
06037603901,06037,Urban,4013,0,0
06037603902,06037,Urban,3288,0,0
06037604001,06037,Urban,4241,0,0
06037604002,06037,Urban,4863,0,0
06037604101,06037,Urban,3973,0,0
06037604102,06037,Urban,2862,0,0
06037604200,06037,Urban,6255,0,0
06037609900,06037,Urban,1804,0,0
06037620001,06037,Urban,4029,0,0
06037620002,06037,Urban,3629,0,0
06037620101,06037,Urban,5667,1,0
06037620102,06037,Urban,3885,0,0
06037620201,06037,Urban,1550,0,0
06037620301,06037,Urban,4753,0,0
06037620303,06037,Urban,4704,0,0
06037620305,06037,Urban,6114,0,0
06037620400,06037,Urban,5360,0,0
06037620501,06037,Urban,5786,0,0
06037620521,06037,Urban,4313,0,0
06037620522,06037,Urban,5068,0,0
06037620601,06037,Urban,5869,0,0
06037620602,06037,Urban,5454,0,0
06037620701,06037,Urban,6991,0,0
06037620703,06037,Urban,3666,0,0
06037620704,06037,Urban,3727,0,0
06037620801,06037,Urban,4372,0,0
06037620802,06037,Urban,3185,0,0
06037620901,06037,Urban,2639,0,0
06037620904,06037,Urban,2829,0,0
06037621001,06037,Urban,4346,0,0
06037621005,06037,Urban,5547,0,0
06037621102,06037,Urban,3049,0,0
06037621104,06037,Urban,6786,0,0
06037621201,06037,Urban,8259,0,0
06037621204,06037,Urban,3110,0,0
06037621301,06037,Urban,7291,0,0
06037621324,06037,Urban,3849,0,0
06037621326,06037,Urban,3348,0,0
06037621400,06037,Urban,4845,0,0
06037650001,06037,Urban,5825,0,0
06037650003,06037,Urban,3237,0,0
06037650004,06037,Urban,4262,0,0
06037650101,06037,Urban,5771,0,0
06037650102,06037,Urban,2185,0,0
06037650200,06037,Urban,5831,0,0
06037650300,06037,Urban,6898,0,0
06037650401,06037,Urban,4450,0,0
06037650501,06037,Urban,3024,0,0
06037650502,06037,Urban,4260,0,0
06037650603,06037,Urban,3904,0,0
06037650604,06037,Urban,5647,0,0
06037650605,06037,Urban,2908,0,0
06037650606,06037,Urban,4502,0,0
06037650607,06037,Urban,2910,0,0
06037650701,06037,Urban,2626,0,0
06037650702,06037,Urban,4521,0,0
06037650801,06037,Urban,4126,0,0
06037650802,06037,Urban,3483,0,0
06037650901,06037,Urban,5976,0,0
06037650903,06037,Urban,4499,0,0
06037650904,06037,Urban,2673,0,0
06037651001,06037,Urban,5776,0,0
06037651002,06037,Urban,4741,0,0
06037651101,06037,Urban,5050,0,0
06037651102,06037,Urban,3750,0,0
06037651201,06037,Urban,4876,0,0
06037651221,06037,Urban,3412,0,0
06037651222,06037,Urban,6123,0,0
06037651302,06037,Urban,6234,1,0
06037651304,06037,Urban,4987,0,0
06037651401,06037,Urban,2585,0,0
06037651402,06037,Urban,6012,0,0
06037670001,06037,Urban,3417,0,0
06037670002,06037,Urban,3906,0,0
06037670003,06037,Urban,6163,0,0
06037670101,06037,Urban,3394,1,1
06037670102,06037,Urban,4041,0,0
06037670201,06037,Urban,4050,1,0
06037670202,06037,Urban,2626,1,0
06037670324,06037,Urban,5160,1,0
06037670326,06037,Urban,3702,1,0
06037670328,06037,Urban,4485,1,0
06037670405,06037,Urban,2957,1,0
06037670406,06037,Urban,1857,1,0
06037670407,06037,Urban,5913,1,0
06037670413,06037,Urban,4825,1,0
06037670416,06037,Urban,4074,1,0
06037670417,06037,Urban,2866,0,0
06037670418,06037,Urban,4207,1,0
06037670500,06037,Urban,1739,1,0
06037670603,06037,Urban,1872,1,0
06037670604,06037,Urban,5356,1,0
06037670701,06037,Urban,6524,0,0
06037670702,06037,Urban,5555,1,0
06037700101,06037,Urban,5785,0,0
06037700102,06037,Urban,4448,0,0
06037700200,06037,Urban,6602,0,0
06037700300,06037,Urban,5754,0,0
06037700400,06037,Urban,5140,0,0
06037700501,06037,Urban,3586,0,0
06037700502,06037,Urban,4442,0,0
06037700600,06037,Urban,5032,1,0
06037700700,06037,Urban,3111,1,0
06037700801,06037,Urban,4941,0,0
06037700802,06037,Urban,3892,0,0
06037700901,06037,Urban,3863,0,0
06037700902,06037,Urban,6561,0,0
06037701000,06037,Urban,5301,0,0
06037701201,06037,Urban,4228,1,0
06037701202,06037,Urban,3498,0,0
06037701302,06037,Urban,4951,0,0
06037701304,06037,Urban,6462,0,0
06037701402,06037,Urban,6494,0,0
06037701501,06037,Urban,5283,0,0
06037701502,06037,Urban,3665,0,0
06037701601,06037,Urban,4175,0,0
06037701602,06037,Urban,4356,0,0
06037701701,06037,Urban,3543,0,0
06037701702,06037,Urban,3326,0,0
06037701801,06037,Urban,5973,0,0
06037701802,06037,Urban,4207,0,0
06037701902,06037,Urban,5478,0,0
06037702002,06037,Urban,5989,0,0
06037702102,06037,Urban,6447,0,0
06037702201,06037,Urban,4475,0,0
06037702202,06037,Urban,3890,0,0
06037702300,06037,Urban,6603,0,0
06037702400,06037,Urban,4677,0,0
06037702501,06037,Urban,4952,0,0
06037702502,06037,Urban,4320,0,0
06037702600,06037,Urban,6459,0,0
06037702700,06037,Urban,3798,0,0
06037702801,06037,Urban,5272,0,0
06037702802,06037,Urban,2278,0,0
06037702803,06037,Urban,2986,0,0
06037702900,06037,Urban,11373,1,0
06037703002,06037,Urban,6907,1,0
06037703003,06037,Urban,6037,0,0
06037703100,06037,Urban,5619,0,0
06037703200,06037,Urban,5800,0,0
06037800101,06037,Urban,5476,1,0
06037800103,06037,Rural,3540,0,0
06037800104,06037,Rural,3795,0,0
06037800202,06037,Rural,6044,0,0
06037800204,06037,Urban,4595,1,0
06037800205,06037,Urban,3816,1,0
06037800206,06037,Urban,3047,1,0
06037800324,06037,Urban,6763,0,0
06037800325,06037,Urban,3387,1,0
06037800328,06037,Rural,1291,0,0
06037800333,06037,Urban,2738,0,0
06037800334,06037,Urban,3749,1,0
06037800335,06037,Rural,5189,0,0
06037800336,06037,Rural,2934,0,0
06037800337,06037,Urban,3373,1,0
06037800338,06037,Urban,6013,1,0
06037800406,06037,Rural,1673,0,0
06037800410,06037,Rural,3847,0,0
06037800411,06037,Urban,2415,1,0
06037800412,06037,Urban,3437,1,0
06037800504,06037,Urban,2261,1,1
06037800506,06037,Rural,2954,0,0
06037900102,06037,Rural,830,0,0
06037900103,06037,Rural,6708,0,0
06037900104,06037,Rural,6556,0,0
06037900301,06037,Urban,3957,1,1
06037900501,06037,Urban,7610,0,0
06037900504,06037,Urban,7557,1,1
06037900505,06037,Urban,4548,0,0
06037900506,06037,Urban,4944,0,0
06037900508,06037,Urban,4543,1,1
06037900509,06037,Urban,4693,1,1
06037900510,06037,Urban,4015,1,0
06037900602,06037,Rural,6016,0,0
06037900606,06037,Urban,4090,0,0
06037900607,06037,Urban,4263,0,0
06037900608,06037,Urban,3845,0,0
06037900609,06037,Urban,5805,0,0
06037900610,06037,Urban,3929,0,0
06037900611,06037,Urban,4352,0,0
06037900701,06037,Urban,5591,0,0
06037900703,06037,Urban,4667,0,0
06037900704,06037,Urban,3584,0,0
06037900705,06037,Urban,4939,0,0
06037900804,06037,Urban,3895,0,0
06037900805,06037,Urban,5626,0,0
06037900806,06037,Urban,4562,0,0
06037900807,06037,Urban,4566,0,0
06037900808,06037,Urban,4590,0,0
06037900901,06037,Rural,2951,0,0
06037900902,06037,Rural,1674,0,0
06037901003,06037,Urban,3278,1,0
06037901007,06037,Urban,2127,0,0
06037901008,06037,Urban,3093,0,0
06037901009,06037,Urban,5741,1,0
06037901010,06037,Urban,6185,1,1
06037901011,06037,Urban,5374,0,0
06037901012,06037,Urban,5314,1,0
06037901013,06037,Urban,4431,1,0
06037901014,06037,Urban,5270,1,0
06037901101,06037,Urban,6257,1,0
06037901102,06037,Urban,5703,0,0
06037901209,06037,Rural,1370,0,0
06037901210,06037,Rural,1516,0,0
06037901214,06037,Urban,4519,1,0
06037901215,06037,Urban,4112,1,0
06037901216,06037,Rural,2733,0,0
06037901217,06037,Rural,1529,0,0
06037901218,06037,Urban,2462,1,0
06037901300,06037,Rural,2011,0,0
06037910002,06037,Rural,7697,0,0
06037910210,06037,Urban,7399,1,0
06037910211,06037,Urban,1916,1,0
06037910212,06037,Urban,3403,1,0
06037910213,06037,Rural,1285,0,0
06037910214,06037,Urban,6336,1,0
06037910215,06037,Urban,7110,1,0
06037910216,06037,Urban,4722,0,0
06037910217,06037,Urban,5873,1,0
06037910218,06037,Urban,4413,1,1
06037910301,06037,Urban,4392,1,0
06037910302,06037,Urban,6514,1,0
06037910401,06037,Urban,6368,1,0
06037910404,06037,Urban,4370,1,1
06037910405,06037,Urban,6149,0,0
06037910501,06037,Urban,6344,0,0
06037910502,06037,Urban,4481,0,0
06037910504,06037,Urban,4857,1,1
06037910505,06037,Urban,3456,1,1
06037910601,06037,Urban,7226,0,0
06037910602,06037,Urban,4428,0,0
06037910605,06037,Urban,5134,0,0
06037910606,06037,Urban,3222,1,1
06037910607,06037,Urban,3946,0,0
06037910608,06037,Urban,3550,0,0
06037910706,06037,Urban,6553,1,0
06037910707,06037,Urban,5968,1,1
06037910709,06037,Rural,1818,0,0
06037910712,06037,Urban,3155,1,0
06037910713,06037,Urban,6055,0,0
06037910714,06037,Urban,3934,0,0
06037910715,06037,Urban,7105,1,0
06037910716,06037,Urban,6636,1,0
06037910717,06037,Urban,2403,1,1
06037910718,06037,Urban,5861,1,0
06037910719,06037,Urban,4484,1,0
06037910720,06037,Urban,5194,0,0
06037910721,06037,Urban,3330,0,0
06037910804,06037,Rural,3338,0,0
06037910807,06037,Urban,6092,1,0
06037910808,06037,Urban,3494,1,0
06037910809,06037,Urban,2337,1,0
06037910810,06037,Urban,2685,1,0
06037910814,06037,Rural,3601,0,0
06037910815,06037,Rural,5142,0,0
06037911001,06037,Rural,3958,0,0
06037911100,06037,Rural,7827,0,0
06037920013,06037,Urban,7801,1,0
06037920015,06037,Urban,6724,1,0
06037920016,06037,Urban,4423,0,0
06037920017,06037,Urban,4241,1,0
06037920018,06037,Urban,2184,0,0
06037920020,06037,Urban,7009,1,0
06037920028,06037,Urban,8017,1,0
06037920029,06037,Urban,5931,1,0
06037920030,06037,Urban,5399,0,0
06037920031,06037,Urban,4850,0,0
06037920034,06037,Urban,4152,1,0
06037920035,06037,Urban,8172,1,0
06037920038,06037,Urban,2629,0,0
06037920039,06037,Urban,1808,0,0
06037920040,06037,Urban,5045,1,0
06037920041,06037,Urban,1473,1,0
06037920042,06037,Urban,7762,0,0
06037920043,06037,Rural,8832,0,0
06037920044,06037,Urban,2737,0,0
06037920045,06037,Urban,4438,1,0
06037920046,06037,Urban,2914,0,0
06037920047,06037,Urban,6676,0,0
06037920048,06037,Urban,6307,0,0
06037920049,06037,Rural,5777,0,0
06037920050,06037,Rural,1328,0,0
06037920102,06037,Rural,5115,0,0
06037920104,06037,Rural,2732,0,0
06037920106,06037,Rural,3096,0,0
06037920109,06037,Urban,5766,1,0
06037920110,06037,Urban,3098,0,0
06037920111,06037,Urban,3053,1,0
06037920112,06037,Urban,4220,0,0
06037920114,06037,Urban,6331,0,0
06037920115,06037,Urban,4144,0,0
06037920116,06037,Urban,5057,1,0
06037920118,06037,Urban,5931,1,0
06037920119,06037,Urban,1833,1,0
06037920120,06037,Urban,4192,1,0
06037920121,06037,Urban,10332,1,0
06037920200,06037,Urban,5584,1,0
06037920303,06037,Rural,1593,0,0
06037920312,06037,Rural,5933,0,0
06037920313,06037,Urban,5304,1,0
06037920314,06037,Urban,3142,1,0
06037920322,06037,Urban,2998,0,0
06037920326,06037,Urban,7212,1,0
06037920328,06037,Urban,1987,0,0
06037920329,06037,Urban,6723,0,0
06037920330,06037,Urban,4166,1,0
06037920331,06037,Urban,3751,1,0
06037920332,06037,Urban,1950,0,0
06037920334,06037,Urban,6363,1,0
06037920338,06037,Urban,5642,1,0
06037920339,06037,Urban,8114,1,0
06037920340,06037,Urban,3208,0,0
06037920341,06037,Urban,3287,0,0
06037920342,06037,Urban,3011,0,0
06037920343,06037,Urban,4297,1,1
06037930400,06037,Rural,1285,0,0
06037980001,06037,Urban,28,1,0
06037980002,06037,Urban,9,1,0
06037980003,06037,Rural,0,,0
06037980004,06037,Rural,0,,0
06037980005,06037,Urban,3,1,0
06037980006,06037,Urban,2,1,0
06037980007,06037,Urban,5,1,0
06037980008,06037,Urban,465,0,0
06037980009,06037,Rural,52,0,0
06037980010,06037,Urban,144,0,0
06037980011,06037,Urban,140,0,0
06037980012,06037,Urban,0,,0
06037980013,06037,Urban,62,0,0
06037980014,06037,Urban,150,0,0
06037980015,06037,Urban,1267,0,0
06037980016,06037,Urban,222,0,0
06037980017,06037,Urban,1192,0,0
06037980018,06037,Urban,30,0,0
06037980019,06037,Urban,128,1,0
06037980020,06037,Rural,2,0,0
06037980021,06037,Urban,56,0,0
06037980022,06037,Urban,0,,0
06037980023,06037,Urban,19,1,0
06037980024,06037,Urban,226,1,0
06037980025,06037,Urban,518,0,0
06037980026,06037,Rural,11,0,0
06037980028,06037,Urban,11,0,0
06037980030,06037,Urban,0,,0
06037980031,06037,Urban,1748,1,0
06037980033,06037,Urban,89,1,1
06037980034,06037,Urban,110,0,0
06037980035,06037,Urban,623,0,0
06037980036,06037,Urban,616,0,0
06037980037,06037,Urban,0,,0
06037980038,06037,Urban,4,1,0
06037980039,06037,Urban,0,,0
06039000102,06039,Rural,4081,0,0
06039000103,06039,Rural,4650,0,0
06039000104,06039,Rural,4335,0,0
06039000106,06039,Rural,5064,0,0
06039000109,06039,Rural,2273,1,0
06039000110,06039,Rural,4527,0,0
06039000111,06039,Rural,2231,0,0
06039000201,06039,Rural,7359,0,0
06039000203,06039,Rural,1552,0,0
06039000204,06039,Urban,5549,1,0
06039000301,06039,Urban,3534,0,0
06039000302,06039,Urban,5383,0,0
06039000506,06039,Urban,6357,1,0
06039000509,06039,Rural,6290,0,0
06039000510,06039,Urban,5376,0,0
06039000511,06039,Urban,6083,0,0
06039000512,06039,Urban,5349,1,0
06039000513,06039,Rural,4543,0,0
06039000514,06039,Rural,6847,0,0
06039000515,06039,Rural,3932,0,0
06039000516,06039,Rural,2426,0,0
06039000517,06039,Rural,2019,0,0
06039000518,06039,Rural,3234,0,0
06039000602,06039,Urban,4736,0,0
06039000603,06039,Urban,5716,0,0
06039000604,06039,Urban,5252,0,0
06039000701,06039,Urban,5379,1,1
06039000702,06039,Urban,6194,0,0
06039000801,06039,Urban,2491,0,0
06039000802,06039,Urban,4065,0,0
06039000901,06039,Urban,3065,0,0
06039000902,06039,Urban,4541,0,0
06039000903,06039,Urban,3943,0,0
06039001100,06039,Rural,7879,0,0
06041101100,06041,Urban,2682,1,0
06041101200,06041,Urban,2924,1,1
06041102100,06041,Urban,2251,1,0
06041102202,06041,Urban,6003,0,0
06041102203,06041,Urban,5174,0,0
06041103100,06041,Urban,7376,1,0
06041103200,06041,Urban,6720,1,1
06041104102,06041,Urban,5321,0,0
06041104103,06041,Urban,3137,0,0
06041104104,06041,Urban,4617,1,0
06041104200,06041,Urban,5733,1,1
06041104300,06041,Rural,1564,0,0
06041105001,06041,Urban,3650,1,1
06041105002,06041,Urban,3162,1,0
06041106001,06041,Urban,5004,1,1
06041106002,06041,Urban,5666,1,0
06041107000,06041,Urban,6306,1,0
06041108100,06041,Urban,6692,1,0
06041108201,06041,Urban,2556,0,0
06041108202,06041,Urban,4343,1,0
06041109001,06041,Urban,4467,0,0
06041109002,06041,Urban,4178,1,0
06041110100,06041,Urban,6176,1,0
06041110200,06041,Urban,5389,1,0
06041111001,06041,Urban,1209,0,0
06041111002,06041,Urban,4967,0,0
06041112100,06041,Urban,4611,0,0
06041112202,06041,Urban,4445,0,0
06041112203,06041,Urban,2981,0,0
06041112204,06041,Urban,5043,0,0
06041113000,06041,Rural,3910,0,0
06041114100,06041,Urban,5245,1,0
06041114200,06041,Urban,3164,0,0
06041115000,06041,Urban,7489,1,0
06041116000,06041,Urban,3150,0,0
06041117000,06041,Urban,4713,0,0
06041118100,06041,Urban,2338,1,0
06041119100,06041,Urban,4796,1,0
06041119201,06041,Urban,3644,0,0
06041119202,06041,Urban,3567,0,0
06041120001,06041,Urban,1374,1,0
06041120002,06041,Urban,5177,1,0
06041121100,06041,Urban,5799,1,0
06041121200,06041,Urban,6478,1,0
06041122000,06041,Urban,3669,1,0
06041123000,06041,Urban,2131,1,0
06041124100,06041,Urban,5590,1,0
06041124200,06041,Urban,5873,1,0
06041125000,06041,Urban,4211,1,0
06041126100,06041,Urban,5955,1,0
06041126200,06041,Urban,4495,1,0
06041127000,06041,Urban,4560,1,0
06041128100,06041,Urban,6970,1,0
06041128200,06041,Urban,4876,1,0
06041129000,06041,Urban,2641,0,0
06041130201,06041,Urban,3444,1,0
06041130203,06041,Urban,1687,0,0
06041130204,06041,Urban,2813,0,0
06041131100,06041,Rural,1065,0,0
06041132100,06041,Rural,2111,0,0
06041132200,06041,Rural,1824,0,0
06041133000,06041,Rural,3215,1,0
06043000101,06043,Rural,3729,0,0
06043000102,06043,Rural,2619,0,0
06043000200,06043,Rural,3206,0,0
06043000301,06043,Rural,3819,0,0
06043000302,06043,Rural,2814,1,0
06043000400,06043,Rural,944,1,0
06045010100,06045,Rural,3100,0,0
06045010200,06045,Rural,4267,1,1
06045010300,06045,Rural,4233,0,0
06045010400,06045,Urban,3356,1,0
06045010500,06045,Urban,4333,1,1
06045010601,06045,Rural,3059,0,0
06045010602,06045,Rural,4528,0,0
06045010700,06045,Urban,6386,1,0
06045010801,06045,Urban,6018,1,1
06045010802,06045,Rural,1849,0,0
06045010900,06045,Rural,4983,0,0
06045011001,06045,Rural,2027,0,0
06045011003,06045,Urban,2984,1,1
06045011004,06045,Rural,2443,0,0
06045011102,06045,Rural,4436,0,0
06045011200,06045,Rural,3582,0,0
06045011300,06045,Rural,6010,0,0
06045011400,06045,Urban,4434,0,0
06045011501,06045,Urban,3390,0,0
06045011502,06045,Urban,3596,0,0
06045011600,06045,Urban,6298,0,0
06045011700,06045,Rural,4236,0,0
06045011800,06045,Rural,2053,0,0
06047000201,06047,Rural,3325,0,0
06047000202,06047,Rural,1807,0,0
06047000204,06047,Urban,4927,0,0
06047000205,06047,Urban,4318,0,0
06047000301,06047,Rural,5003,0,0
06047000303,06047,Rural,1996,0,0
06047000305,06047,Urban,6279,0,0
06047000306,06047,Urban,3856,0,0
06047000401,06047,Rural,1681,0,0
06047000403,06047,Rural,3617,0,0
06047000404,06047,Rural,4239,0,0
06047000503,06047,Urban,2903,1,1
06047000504,06047,Urban,6475,0,0
06047000505,06047,Rural,6974,0,0
06047000601,06047,Urban,5608,0,0
06047000602,06047,Urban,3806,0,0
06047000603,06047,Urban,6502,1,1
06047000701,06047,Urban,3484,0,0
06047000702,06047,Urban,5125,1,0
06047000801,06047,Urban,6216,1,1
06047000802,06047,Urban,4709,0,0
06047000901,06047,Rural,3512,0,0
06047000903,06047,Urban,4640,1,1
06047000904,06047,Rural,4945,0,0
06047001003,06047,Urban,4190,0,0
06047001004,06047,Urban,3969,0,0
06047001005,06047,Urban,2285,0,0
06047001006,06047,Urban,5496,1,1
06047001007,06047,Urban,4202,1,1
06047001008,06047,Urban,7278,1,0
06047001101,06047,Urban,6089,1,1
06047001200,06047,Urban,5365,1,0
06047001301,06047,Urban,3413,0,0
06047001302,06047,Urban,3016,0,0
06047001401,06047,Urban,4150,0,0
06047001402,06047,Urban,4813,1,1
06047001501,06047,Urban,2689,0,0
06047001502,06047,Urban,2768,0,0
06047001503,06047,Urban,4844,0,0
06047001601,06047,Urban,4166,0,0
06047001603,06047,Urban,3847,0,0
06047001604,06047,Urban,4436,1,1
06047001700,06047,Urban,7032,0,0
06047001801,06047,Rural,5397,0,0
06047001901,06047,Rural,5279,0,0
06047001902,06047,Rural,2376,0,0
06047002001,06047,Rural,1431,0,0
06047002002,06047,Urban,7099,1,1
06047002100,06047,Rural,4732,0,0
06047002201,06047,Urban,6720,0,0
06047002203,06047,Urban,6155,1,1
06047002204,06047,Urban,5895,1,0
06047002301,06047,Urban,8401,1,1
06047002303,06047,Urban,6511,0,0
06047002304,06047,Urban,2827,1,1
06047002305,06047,Urban,6012,0,0
06047002306,06047,Urban,3537,0,0
06047002401,06047,Rural,1623,0,0
06047002403,06047,Urban,3416,1,1
06047002404,06047,Urban,5132,1,1
06047002500,06047,Rural,2197,0,0
06047002601,06047,Urban,2489,1,0
06047002602,06047,Urban,3978,1,0
06049000100,06049,Rural,3342,0,0
06049000200,06049,Rural,1511,0,0
06049000300,06049,Rural,2741,1,1
06049000400,06049,Rural,1106,1,1
06051000101,06051,Rural,3454,1,0
06051000102,06051,Rural,2542,1,0
06051000201,06051,Urban,2993,1,0
06051000202,06051,Urban,4206,1,0
06053000101,06053,Rural,2328,0,0
06053000103,06053,Urban,4354,0,0
06053000104,06053,Urban,3779,0,0
06053000105,06053,Urban,3346,0,0
06053000106,06053,Urban,6451,0,0
06053000200,06053,Urban,7396,0,0
06053000300,06053,Urban,4744,0,0
06053000400,06053,Urban,8175,0,0
06053000501,06053,Urban,4892,0,0
06053000502,06053,Urban,4281,0,0
06053000600,06053,Urban,6853,0,0
06053000701,06053,Urban,6427,0,0
06053000702,06053,Urban,6194,0,0
06053000800,06053,Urban,5579,0,0
06053000900,06053,Urban,5912,0,0
06053001200,06053,Urban,3295,0,0
06053001300,06053,Urban,2733,0,0
06053001400,06053,Urban,2914,0,0
06053001500,06053,Urban,6412,1,0
06053001600,06053,Urban,2886,1,0
06053001700,06053,Urban,4180,0,0
06053001801,06053,Urban,4405,0,0
06053001802,06053,Urban,5955,0,0
06053010101,06053,Rural,4410,0,0
06053010102,06053,Rural,3252,0,0
06053010202,06053,Rural,4375,0,0
06053010305,06053,Urban,4827,1,0
06053010306,06053,Rural,1290,0,0
06053010400,06053,Urban,7515,0,0
06053010501,06053,Rural,6925,0,0
06053010504,06053,Urban,5388,0,0
06053010505,06053,Urban,5649,0,0
06053010506,06053,Urban,5542,0,0
06053010603,06053,Urban,8299,1,0
06053010604,06053,Urban,5954,0,0
06053010605,06053,Urban,5162,0,0
06053010606,06053,Urban,7928,1,0
06053010607,06053,Urban,4380,0,0
06053010608,06053,Urban,3563,1,0
06053010702,06053,Rural,3968,0,0
06053010804,06053,Urban,5148,1,1
06053010900,06053,Rural,5979,0,0
06053011001,06053,Rural,3631,0,0
06053011002,06053,Rural,2558,0,0
06053011101,06053,Rural,730,1,0
06053011103,06053,Urban,4632,0,0
06053011104,06053,Urban,5106,0,0
06053011105,06053,Urban,7338,0,0
06053011106,06053,Urban,2094,1,0
06053011202,06053,Urban,7668,0,0
06053011203,06053,Urban,7798,0,0
06053011204,06053,Rural,4254,0,0
06053011302,06053,Urban,5253,0,0
06053011303,06053,Rural,3716,0,0
06053011305,06053,Urban,4117,1,1
06053011306,06053,Urban,3442,0,0
06053011400,06053,Rural,3113,1,0
06053011502,06053,Rural,1474,1,1
06053011604,06053,Rural,2043,0,0
06053011605,06053,Urban,2963,1,0
06053011606,06053,Rural,2599,0,0
06053011700,06053,Urban,3793,1,0
06053011801,06053,Urban,1654,1,0
06053011802,06053,Urban,1566,1,0
06053011901,06053,Rural,2424,0,0
06053011902,06053,Urban,1725,1,0
06053012000,06053,Urban,3637,0,0
06053012100,06053,Urban,2241,0,0
06053012200,06053,Urban,2645,0,0
06053012302,06053,Urban,1854,0,0
06053012401,06053,Urban,1673,0,0
06053012402,06053,Urban,3032,1,0
06053012503,06053,Urban,2497,0,0
06053012504,06053,Urban,2617,0,0
06053012601,06053,Urban,3866,1,1
06053012700,06053,Urban,3480,0,0
06053012800,06053,Urban,5384,1,0
06053013000,06053,Urban,3279,1,0
06053013100,06053,Urban,1817,1,0
06053013200,06053,Rural,4163,0,0
06053013300,06053,Urban,5921,0,0
06053013400,06053,Urban,1580,0,0
06053013500,06053,Urban,4557,0,0
06053013600,06053,Urban,4260,0,0
06053013700,06053,Urban,4890,0,0
06053013800,06053,Urban,5368,0,0
06053013900,06053,Urban,2584,1,0
06053014000,06053,Urban,2572,0,0
06053014102,06053,Urban,3984,0,0
06053014104,06053,Urban,2523,1,0
06053014105,06053,Urban,3380,1,0
06053014108,06053,Urban,4981,1,1
06053014109,06053,Rural,3806,0,0
06053014110,06053,Rural,7000,0,0
06053014201,06053,Urban,5152,1,0
06053014202,06053,Urban,4003,0,0
06053014301,06053,Urban,3654,0,0
06053014302,06053,Urban,4251,0,0
06053014500,06053,Urban,4963,0,0
06053014601,06053,Rural,5400,0,0
06053014700,06053,Urban,6991,1,0
06053014800,06053,Rural,6284,0,0
06053980000,06053,Rural,10,0,0
06055200201,06055,Urban,3259,0,0
06055200202,06055,Urban,2479,0,0
06055200203,06055,Urban,2312,0,0
06055200301,06055,Urban,5602,0,0
06055200302,06055,Urban,2721,0,0
06055200400,06055,Urban,3579,1,0
06055200501,06055,Urban,5159,0,0
06055200503,06055,Urban,2645,0,0
06055200504,06055,Urban,6577,0,0
06055200505,06055,Urban,2617,0,0
06055200601,06055,Urban,4892,1,0
06055200602,06055,Urban,4594,1,0
06055200703,06055,Urban,3078,1,0
06055200704,06055,Urban,4493,0,0
06055200705,06055,Urban,2845,0,0
06055200706,06055,Urban,3238,1,0
06055200707,06055,Urban,3302,0,0
06055200802,06055,Urban,5887,1,0
06055200803,06055,Rural,2149,0,0
06055200804,06055,Urban,5535,0,0
06055200900,06055,Urban,67,0,0
06055201003,06055,Urban,5447,1,0
06055201004,06055,Urban,6836,1,0
06055201005,06055,Urban,2602,0,0
06055201006,06055,Urban,3422,0,0
06055201007,06055,Urban,4226,0,0
06055201101,06055,Urban,2077,1,0
06055201102,06055,Rural,1811,0,0
06055201200,06055,Urban,4700,1,1
06055201300,06055,Rural,3436,0,0
06055201401,06055,Rural,2709,0,0
06055201402,06055,Rural,2762,0,0
06055201403,06055,Rural,697,0,0
06055201500,06055,Rural,1703,0,0
06055201601,06055,Urban,2261,0,0
06055201602,06055,Urban,3169,1,0
06055201700,06055,Rural,4984,0,0
06055201800,06055,Rural,1781,1,1
06055201900,06055,Rural,1138,0,0
06055202000,06055,Urban,5228,0,0
06057000102,06057,Urban,6977,1,0
06057000104,06057,Urban,3405,1,0
06057000105,06057,Rural,2807,0,0
06057000106,06057,Urban,1933,1,0
06057000107,06057,Rural,6010,0,0
06057000200,06057,Rural,2672,0,0
06057000300,06057,Rural,2496,0,0
06057000401,06057,Rural,5932,0,0
06057000403,06057,Rural,1894,0,0
06057000404,06057,Rural,5090,0,0
06057000502,06057,Urban,4718,1,0
06057000503,06057,Urban,1225,0,0
06057000504,06057,Urban,5148,0,0
06057000601,06057,Urban,1907,0,0
06057000602,06057,Urban,5130,1,1
06057000701,06057,Rural,7581,0,0
06057000702,06057,Rural,4079,0,0
06057000801,06057,Rural,5289,0,0
06057000802,06057,Urban,6700,1,0
06057000900,06057,Rural,4274,1,1
06057001205,06057,Rural,4882,0,0
06057001207,06057,Urban,5518,1,0
06057001208,06057,Urban,1780,1,0
06057001209,06057,Urban,1877,1,0
06057001210,06057,Urban,1595,1,0
06057001211,06057,Urban,1322,1,0
06059001101,06059,Urban,4611,0,0
06059001102,06059,Urban,3314,0,0
06059001103,06059,Urban,4754,0,0
06059001201,06059,Urban,5200,0,0
06059001202,06059,Urban,3766,0,0
06059001301,06059,Urban,7755,0,0
06059001303,06059,Urban,5626,0,0
06059001304,06059,Urban,3702,0,0
06059001401,06059,Urban,5493,0,0
06059001402,06059,Urban,5261,0,0
06059001403,06059,Urban,3290,0,0
06059001404,06059,Urban,3770,0,0
06059001501,06059,Urban,6659,1,0
06059001503,06059,Urban,5302,0,0
06059001504,06059,Urban,4803,0,0
06059001505,06059,Urban,7115,1,0
06059001506,06059,Urban,4544,1,0
06059001507,06059,Urban,5399,0,0
06059001602,06059,Urban,5034,1,0
06059001603,06059,Urban,3960,0,0
06059001604,06059,Urban,4284,0,0
06059001704,06059,Urban,8120,1,0
06059001705,06059,Urban,4315,0,0
06059001706,06059,Urban,4171,1,0
06059001708,06059,Urban,3736,1,0
06059001709,06059,Urban,2563,1,0
06059001710,06059,Urban,4728,1,0
06059001801,06059,Urban,5275,0,0
06059001802,06059,Urban,7488,0,0
06059001901,06059,Urban,2714,0,0
06059001902,06059,Urban,2750,0,0
06059001903,06059,Urban,3539,0,0
06059011000,06059,Urban,6754,0,0
06059011101,06059,Urban,4283,0,0
06059011102,06059,Urban,4445,0,0
06059011200,06059,Urban,4275,0,0
06059011300,06059,Urban,5510,0,0
06059011401,06059,Urban,2118,0,0
06059011402,06059,Urban,2473,0,0
06059011403,06059,Urban,5822,0,0
06059011502,06059,Urban,4206,0,0
06059011503,06059,Urban,1851,0,0
06059011504,06059,Urban,7850,0,0
06059011601,06059,Urban,7497,0,0
06059011602,06059,Urban,6248,0,0
06059011707,06059,Urban,6240,0,0
06059011708,06059,Urban,4975,0,0
06059011709,06059,Urban,4401,0,0
06059011710,06059,Urban,3649,0,0
06059011711,06059,Urban,7481,0,0
06059011712,06059,Urban,4923,0,0
06059011714,06059,Urban,1016,0,0
06059011715,06059,Urban,6719,0,0
06059011716,06059,Urban,5401,0,0
06059011717,06059,Urban,2849,0,0
06059011718,06059,Urban,3291,0,0
06059011720,06059,Urban,6727,0,0
06059011721,06059,Urban,5091,0,0
06059011722,06059,Urban,2350,0,0
06059021802,06059,Urban,7826,1,0
06059021807,06059,Urban,4268,1,0
06059021809,06059,Urban,3304,0,0
06059021810,06059,Urban,3598,0,0
06059021812,06059,Urban,6433,1,0
06059021813,06059,Urban,107,0,0
06059021814,06059,Urban,7662,1,0
06059021816,06059,Urban,4895,1,0
06059021817,06059,Urban,3506,1,0
06059021820,06059,Urban,4128,0,0
06059021821,06059,Urban,7347,0,0
06059021822,06059,Urban,9750,1,0
06059021823,06059,Urban,4054,1,0
06059021824,06059,Urban,2581,1,0
06059021825,06059,Urban,3119,1,0
06059021826,06059,Urban,2766,1,0
06059021827,06059,Urban,3192,1,0
06059021828,06059,Urban,4123,1,0
06059021829,06059,Urban,5242,1,0
06059021830,06059,Urban,5714,1,0
06059021831,06059,Urban,6497,1,0
06059021832,06059,Urban,6735,1,0
06059021903,06059,Urban,4430,0,0
06059021905,06059,Urban,5689,1,0
06059021912,06059,Urban,4430,1,0
06059021913,06059,Urban,7702,1,0
06059021914,06059,Urban,4213,1,0
06059021915,06059,Urban,3967,1,0
06059021916,06059,Urban,3665,1,0
06059021917,06059,Urban,3354,1,0
06059021918,06059,Urban,5035,1,0
06059021919,06059,Urban,2841,1,0
06059021920,06059,Urban,7179,1,0
06059021921,06059,Urban,4338,1,0
06059021922,06059,Urban,4953,1,0
06059021923,06059,Urban,6697,1,0
06059021924,06059,Urban,4622,1,0
06059032002,06059,Urban,6071,0,0
06059032003,06059,Urban,4756,0,0
06059032011,06059,Rural,1613,0,0
06059032012,06059,Urban,3591,0,0
06059032013,06059,Urban,5065,1,0
06059032014,06059,Urban,6039,0,0
06059032015,06059,Urban,6730,0,0
06059032020,06059,Urban,5540,1,0
06059032022,06059,Urban,6808,1,0
06059032027,06059,Urban,6264,0,0
06059032028,06059,Urban,3610,0,0
06059032029,06059,Urban,4486,1,0
06059032030,06059,Urban,3778,1,0
06059032031,06059,Urban,3580,1,0
06059032032,06059,Urban,2972,1,0
06059032033,06059,Urban,3629,1,0
06059032034,06059,Urban,5595,1,0
06059032035,06059,Urban,2307,1,0
06059032036,06059,Urban,3495,0,0
06059032037,06059,Urban,4939,1,0
06059032038,06059,Urban,6439,1,0
06059032039,06059,Urban,6519,1,0
06059032040,06059,Urban,2611,0,0
06059032041,06059,Rural,972,0,0
06059032042,06059,Urban,5490,1,0
06059032043,06059,Urban,3775,1,0
06059032044,06059,Urban,5588,1,0
06059032045,06059,Rural,3173,0,0
06059032046,06059,Urban,5949,1,0
06059032047,06059,Urban,4545,1,0
06059032048,06059,Urban,5505,1,0
06059032049,06059,Urban,9627,1,0
06059032050,06059,Urban,4950,0,0
06059032051,06059,Urban,4627,0,0
06059032053,06059,Urban,8242,1,0
06059032054,06059,Urban,5703,0,0
06059032055,06059,Urban,3864,0,0
06059032057,06059,Urban,7641,1,0
06059032058,06059,Urban,7758,1,0
06059032059,06059,Urban,10060,1,0
06059032061,06059,Urban,5354,1,0
06059032062,06059,Urban,4806,1,0
06059032063,06059,Urban,7128,1,0
06059032064,06059,Urban,2799,1,0
06059032065,06059,Urban,6160,1,0
06059032066,06059,Urban,8194,1,0
06059042106,06059,Urban,2156,1,0
06059042107,06059,Urban,4001,0,0
06059042108,06059,Urban,5434,0,0
06059042109,06059,Urban,4871,1,0
06059042111,06059,Urban,5839,1,0
06059042112,06059,Urban,6796,1,0
06059042113,06059,Urban,4351,0,0
06059042114,06059,Urban,3836,1,0
06059042115,06059,Urban,1470,0,0
06059042116,06059,Urban,5973,0,0
06059042201,06059,Urban,5617,1,0
06059042203,06059,Urban,8429,1,0
06059042205,06059,Urban,6571,1,0
06059042206,06059,Urban,3296,1,0
06059042305,06059,Urban,3397,1,0
06059042307,06059,Urban,7263,0,0
06059042311,06059,Urban,5965,1,0
06059042312,06059,Urban,8497,0,0
06059042313,06059,Urban,6286,0,0
06059042315,06059,Urban,6118,0,0
06059042317,06059,Urban,3304,1,0
06059042319,06059,Urban,3195,1,0
06059042320,06059,Urban,5879,1,0
06059042323,06059,Urban,4607,1,0
06059042324,06059,Urban,4336,1,0
06059042325,06059,Urban,3351,1,0
06059042326,06059,Urban,4520,1,0
06059042327,06059,Urban,4774,1,0
06059042328,06059,Urban,2443,1,0
06059042329,06059,Urban,4048,1,0
06059042330,06059,Urban,6254,1,0
06059042331,06059,Urban,5377,1,0
06059042332,06059,Urban,5197,1,0
06059042333,06059,Urban,4970,1,0
06059042334,06059,Urban,5118,0,0
06059042335,06059,Urban,6462,1,0
06059042336,06059,Urban,4382,1,0
06059042337,06059,Urban,3429,1,0
06059042338,06059,Urban,4474,1,0
06059042339,06059,Urban,3364,0,0
06059042340,06059,Urban,2268,0,0
06059042341,06059,Urban,6220,0,0
06059052408,06059,Urban,6111,1,0
06059052410,06059,Urban,5391,0,0
06059052411,06059,Urban,5012,0,0
06059052415,06059,Urban,3933,1,0
06059052416,06059,Urban,3940,0,0
06059052417,06059,Urban,6727,0,0
06059052419,06059,Urban,3413,1,0
06059052421,06059,Urban,9631,1,0
06059052422,06059,Urban,11557,1,0
06059052423,06059,Urban,6511,1,1
06059052424,06059,Urban,4761,0,0
06059052425,06059,Urban,5915,1,0
06059052427,06059,Urban,5069,1,0
06059052428,06059,Urban,7200,1,0
06059052429,06059,Urban,9524,1,0
06059052430,06059,Urban,15755,1,0
06059052431,06059,Urban,4826,0,0
06059052432,06059,Urban,8996,0,0
06059052433,06059,Urban,15465,1,0
06059052434,06059,Urban,7094,1,0
06059052435,06059,Urban,6906,0,0
06059052436,06059,Urban,6080,1,0
06059052437,06059,Urban,7679,1,0
06059052438,06059,Urban,6784,1,0
06059052439,06059,Urban,9926,1,0
06059052502,06059,Urban,6132,1,0
06059052505,06059,Urban,4973,1,0
06059052506,06059,Urban,2456,1,0
06059052511,06059,Urban,6066,1,0
06059052513,06059,Urban,5801,1,0
06059052514,06059,Urban,5288,1,0
06059052518,06059,Urban,7470,0,0
06059052519,06059,Urban,4217,1,0
06059052520,06059,Urban,3539,1,0
06059052521,06059,Urban,5216,0,0
06059052522,06059,Urban,4236,0,0
06059052523,06059,Urban,4088,0,0
06059052524,06059,Urban,8020,0,0
06059052526,06059,Urban,4182,1,0
06059052527,06059,Urban,8244,1,0
06059052528,06059,Urban,3453,0,0
06059052529,06059,Urban,3370,0,0
06059052530,06059,Urban,5630,0,0
06059052531,06059,Urban,4217,0,0
06059052532,06059,Urban,6488,0,0
06059052533,06059,Urban,7268,1,0
06059052534,06059,Urban,2299,0,0
06059052535,06059,Urban,5603,0,0
06059062605,06059,Urban,3043,0,0
06059062610,06059,Urban,11867,0,0
06059062611,06059,Urban,4012,0,0
06059062614,06059,Urban,25232,1,1
06059062619,06059,Urban,3856,1,0
06059062620,06059,Urban,5031,1,0
06059062622,06059,Urban,4437,0,0
06059062625,06059,Urban,4492,1,0
06059062626,06059,Urban,2827,0,0
06059062627,06059,Urban,3184,0,0
06059062628,06059,Urban,3495,1,0
06059062629,06059,Urban,2709,1,0
06059062630,06059,Urban,1667,1,0
06059062631,06059,Urban,3198,1,0
06059062632,06059,Urban,4208,1,0
06059062633,06059,Urban,6623,1,0
06059062634,06059,Urban,5441,1,0
06059062635,06059,Urban,4102,1,0
06059062636,06059,Urban,3758,0,0
06059062637,06059,Urban,5875,0,0
06059062638,06059,Urban,6531,1,0
06059062639,06059,Urban,7917,1,0
06059062640,06059,Urban,3655,0,0
06059062641,06059,Urban,5399,0,0
06059062642,06059,Urban,2849,0,0
06059062643,06059,Urban,7333,1,0
06059062645,06059,Urban,6033,1,0
06059062646,06059,Urban,3718,1,1
06059062647,06059,Urban,4863,1,0
06059062648,06059,Urban,3181,1,1
06059062649,06059,Urban,3562,1,0
06059062650,06059,Urban,4776,0,0
06059062651,06059,Urban,2879,0,0
06059062652,06059,Urban,4875,1,0
06059062653,06059,Urban,6694,1,0
06059062654,06059,Urban,6785,1,0
06059062655,06059,Rural,5156,0,0
06059062656,06059,Urban,3449,1,0
06059062657,06059,Urban,2618,1,0
06059062658,06059,Urban,5410,1,0
06059062701,06059,Urban,2667,0,0
06059062702,06059,Urban,4515,0,0
06059062800,06059,Urban,3806,0,0
06059062900,06059,Urban,1716,1,0
06059063004,06059,Urban,6202,0,0
06059063005,06059,Urban,1447,0,0
06059063006,06059,Urban,2490,0,0
06059063007,06059,Urban,6699,1,0
06059063008,06059,Urban,2408,0,0
06059063009,06059,Urban,1767,1,0
06059063010,06059,Urban,6698,1,0
06059063101,06059,Urban,2935,0,0
06059063102,06059,Urban,6932,0,0
06059063103,06059,Urban,2763,0,0
06059063201,06059,Urban,4006,0,0
06059063202,06059,Urban,3693,0,0
06059063301,06059,Urban,3001,0,0
06059063302,06059,Urban,4176,0,0
06059063400,06059,Urban,4776,1,0
06059063500,06059,Urban,4938,1,0
06059063601,06059,Urban,3794,0,0
06059063603,06059,Urban,6450,1,0
06059063604,06059,Urban,4061,0,0
06059063605,06059,Urban,5630,0,0
06059063701,06059,Urban,5886,0,0
06059063702,06059,Urban,6131,0,0
06059063802,06059,Urban,2934,0,0
06059063803,06059,Urban,4353,1,0
06059063805,06059,Urban,2458,1,0
06059063806,06059,Urban,3943,1,0
06059063807,06059,Urban,4950,0,0
06059063808,06059,Urban,5688,0,0
06059063902,06059,Urban,6881,0,0
06059063903,06059,Urban,4159,0,0
06059063904,06059,Urban,4661,0,0
06059063905,06059,Urban,4349,0,0
06059063906,06059,Urban,5947,0,0
06059063908,06059,Urban,5732,0,0
06059063909,06059,Urban,3155,0,0
06059063910,06059,Urban,4356,0,0
06059074003,06059,Urban,3760,0,0
06059074004,06059,Urban,7395,0,0
06059074005,06059,Urban,6733,0,0
06059074006,06059,Urban,5379,0,0
06059074102,06059,Urban,6278,0,0
06059074103,06059,Urban,4570,0,0
06059074106,06059,Urban,6330,0,0
06059074107,06059,Urban,5856,0,0
06059074108,06059,Urban,4640,0,0
06059074109,06059,Urban,3392,0,0
06059074110,06059,Urban,3438,0,0
06059074111,06059,Urban,5277,0,0
06059074200,06059,Urban,8608,0,0
06059074300,06059,Urban,3972,0,0
06059074403,06059,Urban,5389,0,0
06059074405,06059,Urban,6091,0,0
06059074406,06059,Urban,3789,0,0
06059074407,06059,Urban,6024,0,0
06059074408,06059,Urban,5453,0,0
06059074501,06059,Urban,5790,0,0
06059074502,06059,Urban,5210,0,0
06059074601,06059,Urban,7471,0,0
06059074602,06059,Urban,8002,0,0
06059074701,06059,Urban,7611,0,0
06059074702,06059,Urban,5775,0,0
06059074801,06059,Urban,5313,0,0
06059074802,06059,Urban,6348,0,0
06059074803,06059,Urban,8526,0,0
06059074805,06059,Urban,4783,0,0
06059074806,06059,Urban,4765,0,0
06059074901,06059,Urban,8576,0,0
06059074902,06059,Urban,5850,0,0
06059075002,06059,Urban,8236,0,0
06059075003,06059,Urban,6493,0,0
06059075004,06059,Urban,4765,0,0
06059075100,06059,Urban,9883,0,0
06059075201,06059,Urban,5594,0,0
06059075202,06059,Urban,5427,0,0
06059075301,06059,Urban,5512,0,0
06059075302,06059,Urban,4568,0,0
06059075303,06059,Urban,3357,0,0
06059075401,06059,Urban,3859,0,0
06059075403,06059,Urban,7707,0,0
06059075404,06059,Urban,6362,0,0
06059075405,06059,Urban,3204,0,0
06059075504,06059,Urban,4103,0,0
06059075505,06059,Urban,3763,0,0
06059075506,06059,Urban,3541,0,0
06059075507,06059,Urban,5476,0,0
06059075512,06059,Urban,3719,0,0
06059075513,06059,Urban,5071,0,0
06059075514,06059,Urban,3553,0,0
06059075516,06059,Urban,9045,0,0
06059075517,06059,Urban,6809,0,0
06059075518,06059,Urban,9171,1,0
06059075603,06059,Urban,3880,1,0
06059075604,06059,Urban,7568,1,0
06059075605,06059,Urban,5748,1,0
06059075606,06059,Urban,6629,1,0
06059075607,06059,Urban,6484,1,0
06059075701,06059,Urban,7228,0,0
06059075702,06059,Urban,3363,0,0
06059075703,06059,Urban,4135,1,0
06059075805,06059,Urban,4354,0,0
06059075806,06059,Urban,6393,0,0
06059075807,06059,Urban,4274,0,0
06059075808,06059,Urban,3456,1,0
06059075809,06059,Urban,3109,1,0
06059075810,06059,Urban,3045,1,0
06059075811,06059,Urban,3479,0,0
06059075812,06059,Urban,6200,0,0
06059075813,06059,Urban,5269,1,0
06059075814,06059,Urban,3055,1,0
06059075815,06059,Urban,5261,1,0
06059075816,06059,Urban,3626,0,0
06059075901,06059,Urban,4356,0,0
06059075902,06059,Urban,6617,0,0
06059076001,06059,Urban,7901,0,0
06059076002,06059,Urban,1994,0,0
06059076102,06059,Urban,8150,1,0
06059076103,06059,Urban,9182,0,0
06059076104,06059,Urban,6189,0,0
06059076105,06059,Urban,4697,0,0
06059076201,06059,Urban,7167,0,0
06059076202,06059,Urban,5959,0,0
06059076204,06059,Urban,5009,0,0
06059076205,06059,Urban,7297,0,0
06059076206,06059,Urban,4606,0,0
06059076208,06059,Urban,5368,0,0
06059086301,06059,Urban,7486,0,0
06059086303,06059,Urban,11758,0,0
06059086304,06059,Urban,5009,0,0
06059086305,06059,Urban,4015,0,0
06059086306,06059,Urban,3975,0,0
06059086402,06059,Urban,5503,0,0
06059086404,06059,Urban,6119,0,0
06059086405,06059,Urban,6986,0,0
06059086406,06059,Urban,4498,0,0
06059086407,06059,Urban,6758,1,0
06059086501,06059,Urban,4368,0,0
06059086502,06059,Urban,6053,0,0
06059086601,06059,Urban,8735,0,0
06059086602,06059,Urban,5967,0,0
06059086701,06059,Urban,8776,0,0
06059086702,06059,Urban,7200,0,0
06059086801,06059,Urban,3593,0,0
06059086802,06059,Urban,5640,0,0
06059086803,06059,Urban,8254,0,0
06059086901,06059,Urban,8764,0,0
06059086902,06059,Urban,5705,0,0
06059086903,06059,Urban,6776,0,0
06059087001,06059,Urban,5633,0,0
06059087002,06059,Urban,7457,0,0
06059087101,06059,Urban,4706,0,0
06059087102,06059,Urban,6613,0,0
06059087103,06059,Urban,8582,0,0
06059087105,06059,Urban,4729,0,0
06059087106,06059,Urban,4793,0,0
06059087200,06059,Urban,7538,0,0
06059087301,06059,Urban,4526,0,0
06059087302,06059,Urban,6021,0,0
06059087401,06059,Urban,5110,0,0
06059087403,06059,Urban,3144,0,0
06059087404,06059,Urban,3764,0,0
06059087405,06059,Urban,5509,0,0
06059087503,06059,Urban,6031,0,0
06059087504,06059,Urban,7109,0,0
06059087505,06059,Urban,4742,0,0
06059087601,06059,Urban,4839,0,0
06059087602,06059,Urban,7807,0,0
06059087701,06059,Urban,5518,0,0
06059087703,06059,Urban,6462,0,0
06059087704,06059,Urban,4780,0,0
06059087801,06059,Urban,5280,0,0
06059087802,06059,Urban,7431,0,0
06059087803,06059,Urban,5599,0,0
06059087805,06059,Urban,7065,0,0
06059087806,06059,Urban,5552,0,0
06059087901,06059,Urban,3540,0,0
06059087902,06059,Urban,5599,0,0
06059088001,06059,Urban,4928,0,0
06059088002,06059,Urban,3990,0,0
06059088101,06059,Urban,2252,0,0
06059088104,06059,Urban,4924,0,0
06059088105,06059,Urban,4194,0,0
06059088106,06059,Urban,4951,0,0
06059088107,06059,Urban,6103,0,0
06059088201,06059,Urban,4090,0,0
06059088202,06059,Urban,3184,0,0
06059088203,06059,Urban,5013,0,0
06059088301,06059,Urban,6561,0,0
06059088302,06059,Urban,6222,0,0
06059088401,06059,Urban,5190,0,0
06059088402,06059,Urban,4679,0,0
06059088403,06059,Urban,6676,0,0
06059088501,06059,Urban,7282,0,0
06059088502,06059,Urban,5252,0,0
06059088601,06059,Urban,6752,0,0
06059088602,06059,Urban,4535,0,0
06059088701,06059,Urban,6307,0,0
06059088702,06059,Urban,6022,0,0
06059088801,06059,Urban,8252,0,0
06059088802,06059,Urban,5500,0,0
06059088901,06059,Urban,6450,0,0
06059088902,06059,Urban,5132,0,0
06059088903,06059,Urban,8479,0,0
06059088904,06059,Urban,5687,0,0
06059088905,06059,Urban,5115,0,0
06059089001,06059,Urban,6727,0,0
06059089003,06059,Urban,3822,0,0
06059089004,06059,Urban,7230,0,0
06059089102,06059,Urban,7012,0,0
06059089104,06059,Urban,5243,0,0
06059089105,06059,Urban,6179,0,0
06059089106,06059,Urban,3972,0,0
06059089107,06059,Urban,5672,0,0
06059099202,06059,Urban,8308,0,0
06059099203,06059,Urban,5832,0,0
06059099204,06059,Urban,4429,0,0
06059099212,06059,Urban,5023,0,0
06059099214,06059,Urban,3716,0,0
06059099215,06059,Urban,5381,0,0
06059099216,06059,Urban,4272,0,0
06059099217,06059,Urban,2465,0,0
06059099220,06059,Urban,5709,1,0
06059099222,06059,Urban,5102,0,0
06059099223,06059,Urban,5430,0,0
06059099224,06059,Urban,3596,0,0
06059099225,06059,Urban,3500,0,0
06059099226,06059,Urban,3862,0,0
06059099227,06059,Urban,6512,0,0
06059099229,06059,Urban,6745,0,0
06059099230,06059,Urban,4511,0,0
06059099231,06059,Urban,5536,0,0
06059099232,06059,Urban,5602,0,0
06059099233,06059,Urban,3390,0,0
06059099234,06059,Urban,3580,0,0
06059099235,06059,Urban,5314,0,0
06059099237,06059,Urban,3565,0,0
06059099238,06059,Urban,3982,0,0
06059099239,06059,Urban,3792,0,0
06059099240,06059,Urban,5339,0,0
06059099241,06059,Urban,4835,0,0
06059099242,06059,Urban,3570,0,0
06059099243,06059,Urban,4298,0,0
06059099244,06059,Urban,3829,0,0
06059099245,06059,Urban,2954,0,0
06059099246,06059,Urban,3507,0,0
06059099247,06059,Urban,3142,0,0
06059099248,06059,Urban,5148,0,0
06059099249,06059,Urban,3939,0,0
06059099250,06059,Urban,2918,0,0
06059099251,06059,Urban,5771,0,0
06059099305,06059,Urban,7419,0,0
06059099306,06059,Urban,6060,0,0
06059099307,06059,Urban,2741,0,0
06059099308,06059,Urban,5667,1,0
06059099309,06059,Urban,4981,0,0
06059099310,06059,Urban,4286,0,0
06059099311,06059,Urban,3496,0,0
06059099402,06059,Urban,7663,0,0
06059099404,06059,Urban,4449,1,0
06059099405,06059,Urban,4555,0,0
06059099406,06059,Urban,4550,0,0
06059099407,06059,Urban,2378,0,0
06059099408,06059,Urban,4354,0,0
06059099410,06059,Urban,5104,0,0
06059099411,06059,Urban,5569,0,0
06059099412,06059,Urban,4689,1,0
06059099415,06059,Urban,5168,1,0
06059099416,06059,Urban,4883,0,0
06059099417,06059,Urban,4952,0,0
06059099418,06059,Urban,4681,0,0
06059099419,06059,Urban,3960,0,0
06059099502,06059,Urban,647,0,0
06059099504,06059,Urban,2696,0,0
06059099506,06059,Urban,1167,0,0
06059099508,06059,Urban,4840,0,0
06059099509,06059,Urban,3832,1,1
06059099510,06059,Urban,4359,1,1
06059099511,06059,Urban,3222,0,0
06059099512,06059,Urban,3091,0,0
06059099513,06059,Urban,2006,0,0
06059099514,06059,Urban,5362,1,0
06059099601,06059,Urban,6654,0,0
06059099602,06059,Urban,3530,0,0
06059099603,06059,Urban,6433,0,0
06059099604,06059,Urban,3597,0,0
06059099605,06059,Urban,5091,0,0
06059099701,06059,Urban,6270,0,0
06059099702,06059,Urban,8240,0,0
06059099703,06059,Urban,5884,0,0
06059099801,06059,Urban,6122,0,0
06059099802,06059,Urban,5225,0,0
06059099803,06059,Urban,5911,0,0
06059099902,06059,Urban,4592,0,0
06059099903,06059,Urban,5600,0,0
06059099904,06059,Urban,6105,0,0
06059099905,06059,Urban,3801,0,0
06059099906,06059,Urban,4941,0,0
06059110001,06059,Urban,4509,0,0
06059110003,06059,Urban,3175,0,0
06059110004,06059,Urban,4852,0,0
06059110005,06059,Urban,3182,0,0
06059110006,06059,Urban,3092,0,0
06059110007,06059,Urban,4724,1,0
06059110008,06059,Urban,4571,0,0
06059110010,06059,Urban,4486,0,0
06059110011,06059,Urban,3020,0,0
06059110012,06059,Urban,5167,1,0
06059110014,06059,Urban,5242,0,0
06059110015,06059,Urban,3546,0,0
06059110102,06059,Urban,5791,0,0
06059110104,06059,Urban,6077,0,0
06059110106,06059,Urban,3779,0,0
06059110108,06059,Urban,2784,0,0
06059110109,06059,Urban,5143,0,0
06059110110,06059,Urban,6037,0,0
06059110111,06059,Urban,6410,0,0
06059110113,06059,Urban,2745,0,0
06059110114,06059,Urban,4779,0,0
06059110115,06059,Urban,3555,0,0
06059110116,06059,Urban,4760,0,0
06059110117,06059,Urban,6392,0,0
06059110118,06059,Urban,2470,0,0
06059110201,06059,Urban,8372,0,0
06059110202,06059,Urban,7874,0,0
06059110203,06059,Urban,5620,0,0
06059110301,06059,Urban,6966,0,0
06059110302,06059,Urban,6153,0,0
06059110303,06059,Urban,5185,0,0
06059110304,06059,Urban,4661,0,0
06059110401,06059,Urban,5704,0,0
06059110402,06059,Urban,5342,0,0
06059110500,06059,Urban,8557,0,0
06059110603,06059,Urban,8556,0,0
06059110604,06059,Urban,8278,1,0
06059110605,06059,Urban,6704,1,0
06059110606,06059,Urban,4991,0,0
06059110607,06059,Urban,4537,0,0
06059980000,06059,Urban,30,0,0
06061020104,06061,Urban,1327,0,0
06061020105,06061,Urban,1319,1,0
06061020106,06061,Urban,1643,1,0
06061020107,06061,Urban,3315,0,0
06061020200,06061,Rural,6429,0,0
06061020300,06061,Urban,4639,0,0
06061020401,06061,Urban,2242,0,0
06061020402,06061,Urban,3511,0,0
06061020501,06061,Rural,2973,0,0
06061020502,06061,Urban,4317,1,0
06061020601,06061,Urban,7257,1,0
06061020604,06061,Urban,5927,1,0
06061020605,06061,Urban,5885,1,0
06061020606,06061,Urban,4296,1,0
06061020607,06061,Rural,5099,0,0
06061020608,06061,Rural,3811,0,0
06061020710,06061,Urban,4408,1,0
06061020711,06061,Urban,4558,0,0
06061020712,06061,Urban,3855,0,0
06061020713,06061,Urban,3323,0,0
06061020714,06061,Urban,3848,0,0
06061020715,06061,Urban,3074,0,0
06061020717,06061,Urban,4888,1,0
06061020805,06061,Urban,4202,0,0
06061020806,06061,Urban,3576,0,0
06061020901,06061,Urban,2777,0,0
06061020908,06061,Urban,7512,1,0
06061021003,06061,Urban,6784,1,0
06061021034,06061,Urban,4331,0,0
06061021037,06061,Urban,2209,0,0
06061021038,06061,Urban,7627,1,0
06061021039,06061,Urban,1703,1,0
06061021040,06061,Urban,3123,1,0
06061021043,06061,Urban,3760,0,0
06061021044,06061,Urban,5765,1,0
06061021045,06061,Urban,3533,0,0
06061021046,06061,Urban,5056,1,0
06061021047,06061,Urban,4463,1,0
06061021048,06061,Urban,3439,1,0
06061021103,06061,Urban,4904,0,0
06061021106,06061,Urban,2401,0,0
06061021108,06061,Urban,3410,0,0
06061021109,06061,Urban,5594,1,0
06061021122,06061,Urban,3455,1,0
06061021123,06061,Urban,7558,1,0
06061021128,06061,Urban,3244,0,0
06061021129,06061,Urban,3453,0,0
06061021130,06061,Urban,2272,0,0
06061021131,06061,Urban,5722,0,0
06061021203,06061,Urban,7431,1,0
06061021204,06061,Rural,2748,0,0
06061021304,06061,Rural,6258,0,0
06061021323,06061,Urban,11223,1,0
06061021324,06061,Urban,6321,1,0
06061021325,06061,Urban,9279,1,0
06061021326,06061,Urban,4394,1,0
06061021327,06061,Urban,5643,1,0
06061021328,06061,Rural,8556,0,0
06061021401,06061,Urban,3056,1,0
06061021403,06061,Urban,7164,0,0
06061021501,06061,Rural,5911,0,0
06061021502,06061,Urban,3806,1,0
06061021603,06061,Urban,4927,1,1
06061021604,06061,Rural,3421,0,0
06061021801,06061,Urban,4663,1,0
06061021802,06061,Rural,6052,0,0
06061021901,06061,Rural,3315,0,0
06061021902,06061,Rural,4462,0,0
06061022002,06061,Rural,6569,0,0
06061022011,06061,Rural,2292,0,0
06061022013,06061,Rural,2833,0,0
06061022014,06061,Rural,1529,0,0
06061022100,06061,Urban,901,1,0
06061022200,06061,Urban,902,0,0
06061022300,06061,Rural,646,0,0
06061022400,06061,Urban,4893,1,0
06061022500,06061,Urban,4689,1,0
06061022600,06061,Urban,4982,1,0
06061022800,06061,Urban,4986,0,0
06061022900,06061,Urban,5765,0,0
06061023000,06061,Urban,3914,0,0
06061023100,06061,Urban,8697,1,0
06061023200,06061,Urban,6078,1,0
06061023300,06061,Urban,6333,1,0
06061023400,06061,Urban,5721,1,0
06061023501,06061,Rural,1245,0,0
06061023502,06061,Urban,5315,1,0
06061023600,06061,Urban,4361,1,0
06061023700,06061,Urban,3301,1,0
06061023800,06061,Urban,3211,1,0
06061023900,06061,Urban,3129,0,0
06061990000,06061,Rural,0,,0
06063000100,06063,Rural,5271,0,0
06063000201,06063,Rural,1830,0,0
06063000202,06063,Rural,1248,0,0
06063000300,06063,Rural,4897,0,0
06063000400,06063,Rural,2564,0,0
06063000501,06063,Rural,2200,0,0
06063000502,06063,Rural,1780,0,0
06065030101,06065,Urban,1243,0,0
06065030103,06065,Urban,2091,0,0
06065030104,06065,Urban,7253,0,0
06065030200,06065,Urban,4944,0,0
06065030300,06065,Urban,4440,0,0
06065030400,06065,Urban,6978,0,0
06065030501,06065,Urban,4888,0,0
06065030502,06065,Urban,2120,0,0
06065030503,06065,Urban,3747,0,0
06065030602,06065,Urban,3334,1,0
06065030603,06065,Urban,3181,1,0
06065030604,06065,Urban,2848,1,0
06065030605,06065,Urban,2630,1,0
06065030700,06065,Urban,5842,0,0
06065030800,06065,Urban,7501,0,0
06065030900,06065,Urban,3256,1,0
06065031001,06065,Urban,5893,0,0
06065031002,06065,Urban,4655,0,0
06065031100,06065,Urban,5047,0,0
06065031200,06065,Urban,7018,0,0
06065031300,06065,Urban,2698,0,0
06065031401,06065,Urban,6985,0,0
06065031402,06065,Urban,6980,0,0
06065031501,06065,Urban,5954,0,0
06065031503,06065,Urban,4339,0,0
06065031504,06065,Urban,4280,0,0
06065031601,06065,Urban,4467,0,0
06065031602,06065,Urban,5377,0,0
06065031701,06065,Urban,2966,1,1
06065031702,06065,Urban,2341,1,0
06065031703,06065,Urban,3711,0,0
06065031704,06065,Urban,5540,1,0
06065040101,06065,Urban,4304,1,0
06065040102,06065,Urban,5788,1,0
06065040201,06065,Urban,6421,1,0
06065040202,06065,Urban,3129,1,1
06065040203,06065,Urban,3788,0,0
06065040204,06065,Urban,3742,0,0
06065040302,06065,Urban,7522,1,0
06065040303,06065,Urban,4072,1,0
06065040304,06065,Urban,4099,0,0
06065040305,06065,Urban,3498,1,1
06065040402,06065,Urban,4243,1,1
06065040403,06065,Urban,5646,1,0
06065040404,06065,Urban,3313,0,0
06065040405,06065,Urban,5386,1,0
06065040501,06065,Urban,7196,0,0
06065040502,06065,Urban,5995,1,1
06065040503,06065,Urban,3874,1,1
06065040603,06065,Urban,2346,0,0
06065040604,06065,Urban,5670,1,0
06065040605,06065,Urban,3410,0,0
06065040606,06065,Urban,3337,1,1
06065040609,06065,Urban,16631,1,0
06065040611,06065,Urban,8431,0,0
06065040616,06065,Urban,11213,1,0
06065040617,06065,Urban,7275,0,0
06065040618,06065,Urban,10472,1,0
06065040619,06065,Urban,5933,1,0
06065040620,06065,Urban,7702,1,0
06065040621,06065,Urban,4230,0,0
06065040622,06065,Urban,6140,0,0
06065040701,06065,Urban,2167,1,0
06065040702,06065,Urban,2685,0,0
06065040703,06065,Urban,2800,1,0
06065040806,06065,Urban,2826,1,0
06065040807,06065,Urban,3429,0,0
06065040808,06065,Urban,6939,0,0
06065040809,06065,Urban,3508,0,0
06065040812,06065,Urban,3419,1,1
06065040813,06065,Urban,6155,1,0
06065040814,06065,Urban,4941,1,0
06065040815,06065,Urban,3651,1,0
06065040816,06065,Urban,2408,1,0
06065040821,06065,Urban,5825,0,0
06065040901,06065,Urban,7668,0,0
06065040902,06065,Urban,5290,1,0
06065040903,06065,Urban,2739,0,0
06065040904,06065,Urban,3970,0,0
06065041001,06065,Urban,2725,0,0
06065041002,06065,Urban,3283,0,0
06065041003,06065,Urban,2627,1,0
06065041004,06065,Urban,4475,1,1
06065041101,06065,Urban,5411,0,0
06065041102,06065,Urban,4524,0,0
06065041201,06065,Urban,4532,0,0
06065041202,06065,Urban,4454,0,0
06065041203,06065,Urban,3442,0,0
06065041301,06065,Urban,3585,0,0
06065041302,06065,Urban,4317,0,0
06065041403,06065,Urban,4566,1,0
06065041404,06065,Urban,3799,0,0
06065041405,06065,Urban,4782,0,0
06065041406,06065,Urban,5957,0,0
06065041407,06065,Urban,5936,0,0
06065041408,06065,Urban,4566,0,0
06065041410,06065,Urban,3059,0,0
06065041411,06065,Urban,3095,0,0
06065041412,06065,Urban,4599,1,0
06065041413,06065,Urban,7148,1,0
06065041414,06065,Urban,4217,1,0
06065041415,06065,Rural,4530,0,0
06065041500,06065,Urban,3835,0,0
06065041601,06065,Urban,2899,0,0
06065041602,06065,Urban,3245,0,0
06065041702,06065,Urban,4643,0,0
06065041703,06065,Urban,5760,0,0
06065041704,06065,Urban,3746,0,0
06065041803,06065,Urban,5998,1,0
06065041804,06065,Urban,4332,1,0
06065041805,06065,Urban,5832,1,0
06065041806,06065,Urban,4112,1,0
06065041807,06065,Urban,2305,0,0
06065041808,06065,Urban,6771,0,0
06065041809,06065,Urban,5852,0,0
06065041810,06065,Urban,5895,0,0
06065041812,06065,Urban,3488,0,0
06065041813,06065,Urban,6599,0,0
06065041904,06065,Urban,4950,1,0
06065041905,06065,Urban,3005,0,0
06065041906,06065,Urban,6360,0,0
06065041909,06065,Urban,5388,1,0
06065041910,06065,Urban,7655,1,0
06065041912,06065,Urban,6158,1,0
06065041913,06065,Urban,5564,1,0
06065041914,06065,Urban,5972,1,0
06065041915,06065,Urban,7451,1,0
06065042003,06065,Urban,6027,1,0
06065042004,06065,Urban,3344,1,0
06065042005,06065,Urban,5452,1,0
06065042007,06065,Rural,5559,0,0
06065042008,06065,Urban,8742,1,0
06065042009,06065,Urban,7514,1,0
06065042010,06065,Urban,6434,1,0
06065042012,06065,Urban,6332,1,0
06065042015,06065,Urban,5521,1,0
06065042016,06065,Urban,2621,0,0
06065042017,06065,Urban,3978,0,0
06065042018,06065,Urban,6017,0,0
06065042206,06065,Urban,6400,1,0
06065042207,06065,Urban,3097,1,0
06065042208,06065,Urban,2562,1,0
06065042209,06065,Urban,4627,0,0
06065042210,06065,Urban,4995,0,0
06065042212,06065,Urban,7124,1,1
06065042213,06065,Urban,5520,0,0
06065042214,06065,Rural,6843,0,0
06065042217,06065,Rural,5488,0,0
06065042300,06065,Urban,10335,1,0
06065042401,06065,Rural,2075,0,0
06065042402,06065,Urban,5127,1,0
06065042403,06065,Urban,4541,1,0
06065042404,06065,Urban,2515,0,0
06065042405,06065,Urban,5668,0,0
06065042406,06065,Urban,4267,0,0
06065042407,06065,Urban,3313,0,0
06065042408,06065,Urban,3370,1,0
06065042409,06065,Urban,3385,0,0
06065042410,06065,Urban,5852,1,0
06065042411,06065,Urban,2683,1,0
06065042412,06065,Urban,5566,1,0
06065042505,06065,Urban,3949,0,0
06065042507,06065,Urban,5714,0,0
06065042508,06065,Urban,4968,0,0
06065042509,06065,Urban,3460,0,0
06065042510,06065,Urban,5133,0,0
06065042511,06065,Urban,4430,0,0
06065042512,06065,Urban,3260,0,0
06065042513,06065,Urban,3387,0,0
06065042514,06065,Urban,3311,0,0
06065042515,06065,Urban,3794,0,0
06065042516,06065,Urban,3740,0,0
06065042517,06065,Urban,3361,1,1
06065042518,06065,Urban,3816,0,0
06065042519,06065,Urban,1887,0,0
06065042520,06065,Urban,4866,0,0
06065042521,06065,Urban,5127,0,0
06065042522,06065,Urban,4703,0,0
06065042523,06065,Urban,5160,0,0
06065042621,06065,Urban,8004,1,0
06065042622,06065,Urban,5482,1,0
06065042623,06065,Urban,3962,1,0
06065042624,06065,Urban,4571,1,0
06065042625,06065,Urban,6046,1,0
06065042626,06065,Urban,9775,1,0
06065042627,06065,Urban,5637,0,0
06065042628,06065,Urban,5759,0,0
06065042629,06065,Urban,5176,1,0
06065042630,06065,Urban,6727,1,0
06065042631,06065,Urban,5190,0,0
06065042632,06065,Urban,3245,1,1
06065042708,06065,Urban,5364,0,0
06065042709,06065,Urban,5288,1,1
06065042711,06065,Urban,5114,1,1
06065042714,06065,Urban,3376,1,0
06065042716,06065,Urban,5222,1,0
06065042717,06065,Urban,5463,1,1
06065042719,06065,Rural,5438,0,0
06065042720,06065,Rural,4936,0,0
06065042723,06065,Rural,7675,0,0
06065042724,06065,Urban,4581,1,0
06065042726,06065,Urban,10185,1,0
06065042728,06065,Rural,2370,0,0
06065042730,06065,Urban,6028,1,0
06065042731,06065,Rural,7691,0,0
06065042732,06065,Urban,6259,1,0
06065042733,06065,Urban,14643,1,0
06065042737,06065,Rural,3471,0,0
06065042738,06065,Urban,8924,1,0
06065042739,06065,Urban,9259,1,0
06065042740,06065,Urban,2384,1,1
06065042741,06065,Urban,2479,0,0
06065042742,06065,Urban,6035,0,0
06065042743,06065,Urban,4180,1,0
06065042744,06065,Urban,3597,1,0
06065042745,06065,Rural,6212,0,0
06065042746,06065,Urban,4435,0,0
06065042747,06065,Urban,4310,0,0
06065042748,06065,Urban,6271,1,0
06065042749,06065,Rural,5614,0,0
06065042750,06065,Rural,4325,0,0
06065042751,06065,Urban,5369,1,1
06065042752,06065,Urban,5409,1,1
06065042801,06065,Urban,4345,0,0
06065042802,06065,Urban,6222,0,0
06065042902,06065,Rural,4993,0,0
06065042903,06065,Rural,5673,0,0
06065042905,06065,Urban,3670,1,1
06065042906,06065,Urban,6396,1,1
06065042907,06065,Rural,3461,0,0
06065042908,06065,Urban,4371,1,1
06065043001,06065,Urban,9758,1,0
06065043003,06065,Urban,6647,1,1
06065043005,06065,Urban,5744,1,1
06065043006,06065,Urban,5079,0,0
06065043007,06065,Urban,6918,1,0
06065043008,06065,Urban,6146,1,0
06065043009,06065,Urban,6064,1,0
06065043010,06065,Urban,6039,1,0
06065043201,06065,Urban,4040,1,0
06065043202,06065,Urban,5630,1,0
06065043203,06065,Rural,3482,0,0
06065043204,06065,Urban,7450,1,0
06065043205,06065,Urban,4667,1,0
06065043206,06065,Urban,7819,0,0
06065043207,06065,Urban,4504,1,0
06065043208,06065,Urban,5039,1,0
06065043209,06065,Urban,4105,1,0
06065043210,06065,Urban,4898,1,0
06065043211,06065,Urban,5517,0,0
06065043216,06065,Urban,7142,1,0
06065043217,06065,Urban,3277,1,0
06065043218,06065,Urban,5680,1,0
06065043220,06065,Urban,4742,1,1
06065043222,06065,Urban,4775,1,0
06065043227,06065,Urban,8221,1,0
06065043228,06065,Urban,4503,0,0
06065043229,06065,Urban,5186,1,1
06065043235,06065,Urban,11292,1,0
06065043246,06065,Urban,5451,1,0
06065043248,06065,Urban,4284,1,0
06065043252,06065,Urban,9821,1,0
06065043254,06065,Rural,5069,0,0
06065043256,06065,Urban,3585,1,0
06065043262,06065,Urban,5061,1,0
06065043264,06065,Urban,7314,1,0
06065043265,06065,Urban,7944,1,0
06065043266,06065,Urban,4823,0,0
06065043267,06065,Urban,6676,1,0
06065043270,06065,Urban,6018,1,0
06065043271,06065,Urban,4543,1,0
06065043272,06065,Rural,5311,0,0
06065043274,06065,Rural,2229,0,0
06065043276,06065,Urban,4092,1,0
06065043278,06065,Urban,6510,1,0
06065043279,06065,Rural,5302,0,0
06065043292,06065,Rural,3656,0,0
06065043293,06065,Rural,3086,0,0
06065043294,06065,Urban,4338,1,0
06065043295,06065,Urban,4889,1,0
06065043296,06065,Urban,3303,1,0
06065043297,06065,Urban,8903,1,0
06065043298,06065,Urban,4864,1,0
06065043304,06065,Rural,7744,0,0
06065043306,06065,Urban,5172,0,0
06065043307,06065,Urban,6770,0,0
06065043308,06065,Urban,3230,0,0
06065043309,06065,Urban,3329,0,0
06065043310,06065,Urban,3634,0,0
06065043311,06065,Urban,2483,0,0
06065043312,06065,Urban,4391,0,0
06065043313,06065,Urban,3802,1,1
06065043314,06065,Urban,4126,1,1
06065043315,06065,Urban,2350,1,0
06065043316,06065,Urban,4014,1,1
06065043318,06065,Urban,4406,1,1
06065043319,06065,Urban,4968,1,0
06065043401,06065,Urban,6548,0,0
06065043403,06065,Urban,3081,0,0
06065043404,06065,Urban,2855,0,0
06065043405,06065,Urban,5108,0,0
06065043503,06065,Urban,4898,0,0
06065043505,06065,Urban,3244,0,0
06065043506,06065,Urban,7253,1,1
06065043509,06065,Urban,6058,1,1
06065043512,06065,Urban,7733,1,1
06065043513,06065,Urban,2943,1,1
06065043517,06065,Rural,8501,0,0
06065043518,06065,Urban,4781,0,0
06065043519,06065,Urban,986,0,0
06065043520,06065,Rural,2443,0,0
06065043521,06065,Urban,5087,0,0
06065043522,06065,Urban,3215,0,0
06065043523,06065,Urban,3895,0,0
06065043524,06065,Urban,4357,1,0
06065043601,06065,Urban,5022,0,0
06065043602,06065,Urban,4412,0,0
06065043701,06065,Urban,3776,1,1
06065043702,06065,Urban,4719,1,1
06065043703,06065,Urban,2996,1,1
06065043802,06065,Urban,6950,1,0
06065043807,06065,Urban,6122,1,0
06065043809,06065,Urban,6853,1,0
06065043810,06065,Rural,5298,0,0
06065043812,06065,Urban,6969,1,1
06065043813,06065,Rural,4764,0,0
06065043818,06065,Urban,4257,1,0
06065043820,06065,Urban,5520,1,0
06065043821,06065,Urban,5622,1,0
06065043822,06065,Rural,3451,0,0
06065043823,06065,Urban,11441,1,0
06065043824,06065,Rural,5063,0,0
06065043900,06065,Urban,6430,0,0
06065044000,06065,Urban,2026,0,0
06065044101,06065,Urban,3030,0,0
06065044102,06065,Urban,2825,0,0
06065044103,06065,Urban,6106,1,1
06065044104,06065,Rural,2755,0,0
06065044200,06065,Urban,5969,1,1
06065044300,06065,Rural,5085,0,0
06065044403,06065,Rural,4219,0,0
06065044404,06065,Rural,2071,0,0
06065044405,06065,Rural,2368,0,0
06065044406,06065,Rural,2927,0,0
06065044407,06065,Rural,3586,1,0
06065044505,06065,Urban,6864,1,1
06065044507,06065,Urban,7840,1,1
06065044509,06065,Urban,4580,0,0
06065044510,06065,Urban,7010,0,0
06065044515,06065,Urban,4001,0,0
06065044516,06065,Urban,7480,1,1
06065044517,06065,Urban,2797,1,1
06065044518,06065,Urban,6562,1,1
06065044520,06065,Rural,1618,0,0
06065044521,06065,Rural,1304,0,0
06065044523,06065,Urban,2254,1,0
06065044524,06065,Rural,3277,0,0
06065044602,06065,Urban,2707,0,0
06065044604,06065,Urban,3772,1,0
06065044605,06065,Urban,5222,1,1
06065044606,06065,Rural,2986,0,0
06065044701,06065,Urban,3261,0,0
06065044702,06065,Urban,2087,0,0
06065044804,06065,Urban,2302,0,0
06065044805,06065,Urban,1580,0,0
06065044806,06065,Urban,1883,0,0
06065044807,06065,Urban,1343,1,0
06065044904,06065,Urban,4721,0,0
06065044907,06065,Urban,5226,0,0
06065044911,06065,Urban,5034,1,1
06065044916,06065,Urban,4881,1,1
06065044917,06065,Urban,3854,1,0
06065044918,06065,Urban,2994,1,0
06065044919,06065,Urban,4857,1,0
06065044921,06065,Urban,2340,1,0
06065044922,06065,Urban,5980,1,0
06065044923,06065,Urban,3364,0,0
06065044924,06065,Urban,3886,0,0
06065044925,06065,Urban,3439,1,0
06065044926,06065,Urban,4714,0,0
06065044927,06065,Urban,3637,1,0
06065044928,06065,Urban,3453,1,0
06065044929,06065,Urban,4151,1,0
06065044930,06065,Urban,3188,1,0
06065044931,06065,Urban,2330,0,0
06065044932,06065,Urban,3104,0,0
06065044933,06065,Urban,3456,0,0
06065044934,06065,Urban,2753,0,0
06065045000,06065,Urban,3054,1,1
06065045103,06065,Urban,3291,1,0
06065045109,06065,Urban,3617,1,0
06065045110,06065,Urban,4971,1,0
06065045114,06065,Urban,1912,1,0
06065045115,06065,Urban,1811,1,0
06065045116,06065,Urban,1438,0,0
06065045117,06065,Urban,3911,0,0
06065045118,06065,Urban,2676,1,1
06065045119,06065,Urban,2751,1,0
06065045120,06065,Urban,4458,1,1
06065045122,06065,Urban,1326,1,0
06065045123,06065,Urban,2274,1,0
06065045124,06065,Urban,1471,1,0
06065045125,06065,Rural,2655,0,0
06065045126,06065,Urban,2835,0,0
06065045127,06065,Urban,2572,0,0
06065045128,06065,Urban,1580,1,0
06065045129,06065,Urban,4677,1,0
06065045207,06065,Urban,5521,0,0
06065045209,06065,Urban,6497,0,0
06065045212,06065,Urban,2148,1,0
06065045213,06065,Urban,5619,1,0
06065045214,06065,Urban,6009,1,0
06065045216,06065,Urban,2253,1,0
06065045217,06065,Urban,7230,1,1
06065045222,06065,Urban,2455,1,0
06065045224,06065,Urban,5696,1,0
06065045226,06065,Urban,6528,0,0
06065045228,06065,Rural,5662,0,0
06065045233,06065,Urban,4735,1,0
06065045234,06065,Urban,4699,1,0
06065045235,06065,Urban,3562,1,0
06065045302,06065,Urban,4362,0,0
06065045303,06065,Urban,3141,1,1
06065045305,06065,Urban,4744,1,0
06065045306,06065,Urban,6242,0,0
06065045501,06065,Urban,5906,0,0
06065045502,06065,Urban,3846,0,0
06065045606,06065,Urban,3660,1,0
06065045610,06065,Rural,4124,0,0
06065045611,06065,Urban,4276,1,1
06065045612,06065,Rural,4810,0,0
06065045613,06065,Urban,1947,1,0
06065045614,06065,Urban,1149,1,0
06065045615,06065,Rural,3535,0,0
06065045616,06065,Rural,1818,0,0
06065045617,06065,Rural,2598,0,0
06065045618,06065,Rural,2181,0,0
06065045619,06065,Rural,4407,0,0
06065045703,06065,Urban,6297,0,0
06065045704,06065,Urban,3135,0,0
06065045706,06065,Urban,4297,1,1
06065045707,06065,Urban,6289,0,0
06065045708,06065,Urban,4412,1,0
06065045709,06065,Urban,4579,0,0
06065045900,06065,Rural,1511,0,0
06065046101,06065,Urban,2862,0,0
06065046102,06065,Urban,2028,0,0
06065046103,06065,Urban,2757,1,1
06065046200,06065,Urban,3084,1,1
06065046401,06065,Rural,3953,0,0
06065046402,06065,Urban,5261,1,1
06065046403,06065,Urban,7686,1,0
06065046404,06065,Rural,6160,0,0
06065046405,06065,Urban,4128,1,1
06065046501,06065,Urban,3455,1,1
06065046502,06065,Urban,4364,0,0
06065046601,06065,Urban,4560,1,0
06065046602,06065,Urban,3497,1,0
06065046700,06065,Urban,4243,0,0
06065046800,06065,Urban,6517,1,0
06065046900,06065,Rural,1725,1,1
06065047000,06065,Rural,1567,0,0
06065047201,06065,Urban,2165,1,1
06065047202,06065,Rural,1891,0,0
06065047901,06065,Urban,5122,1,0
06065047902,06065,Urban,6414,1,0
06065048100,06065,Urban,6631,1,0
06065048200,06065,Urban,4251,1,0
06065048300,06065,Urban,6497,1,0
06065048700,06065,Urban,4908,1,0
06065048800,06065,Urban,4556,0,0
06065048901,06065,Urban,3828,1,1
06065048902,06065,Urban,7472,0,0
06065049001,06065,Urban,6345,1,0
06065049002,06065,Urban,2848,1,0
06065049101,06065,Urban,2491,1,0
06065049102,06065,Urban,3074,1,0
06065049400,06065,Urban,2849,1,1
06065049501,06065,Urban,4600,0,0
06065049502,06065,Urban,4222,0,0
06065049600,06065,Urban,7361,1,0
06065049701,06065,Urban,4126,1,0
06065049702,06065,Rural,5401,0,0
06065049800,06065,Urban,4012,0,0
06065050301,06065,Urban,6337,1,0
06065050302,06065,Rural,5752,0,0
06065050401,06065,Urban,4855,1,0
06065050402,06065,Urban,5134,1,0
06065050501,06065,Urban,5398,0,0
06065050502,06065,Urban,3940,1,0
06065050503,06065,Urban,5542,1,0
06065050600,06065,Urban,7869,1,0
06065050701,06065,Rural,8318,0,0
06065050702,06065,Urban,4768,1,0
06065050901,06065,Urban,2147,1,0
06065050902,06065,Urban,2503,1,0
06065051100,06065,Urban,6506,0,0
06065051200,06065,Rural,4682,0,0
06065051301,06065,Urban,5459,1,1
06065051302,06065,Urban,5018,1,0
06065051401,06065,Urban,3644,1,0
06065051402,06065,Urban,3050,1,1
06065940100,06065,Rural,174,1,1
06065940400,06065,Urban,6242,0,0
06065940500,06065,Rural,2421,0,0
06065940600,06065,Urban,3660,1,0
06065940700,06065,Urban,2561,0,0
06065940800,06065,Urban,2852,1,0
06065940900,06065,Urban,2044,1,0
06065941001,06065,Urban,1788,0,0
06065941002,06065,Urban,2217,1,0
06065941100,06065,Urban,2122,0,0
06065941200,06065,Urban,2845,1,0
06065941300,06065,Urban,3067,0,0
06065941400,06065,Urban,3985,0,0
06065941500,06065,Urban,4858,1,1
06065980004,06065,Rural,6,0,0
06065981000,06065,Rural,5996,1,0
06067000100,06067,Urban,3749,0,0
06067000200,06067,Urban,3889,0,0
06067000300,06067,Urban,3347,0,0
06067000400,06067,Urban,3840,0,0
06067000501,06067,Urban,1905,0,0
06067000502,06067,Urban,1433,0,0
06067000600,06067,Urban,1686,0,0
06067000700,06067,Urban,2676,0,0
06067000800,06067,Urban,1637,0,0
06067001102,06067,Urban,1443,0,0
06067001103,06067,Urban,1604,0,0
06067001201,06067,Urban,2141,0,0
06067001202,06067,Urban,1855,0,0
06067001300,06067,Urban,3320,0,0
06067001400,06067,Urban,2930,0,0
06067001500,06067,Urban,4946,0,0
06067001601,06067,Urban,3908,0,0
06067001602,06067,Urban,2645,0,0
06067001701,06067,Urban,2574,0,0
06067001702,06067,Urban,3620,0,0
06067001800,06067,Urban,5346,0,0
06067001900,06067,Urban,3509,0,0
06067002000,06067,Urban,3882,0,0
06067002100,06067,Urban,2773,0,0
06067002200,06067,Urban,4898,0,0
06067002300,06067,Urban,3380,0,0
06067002400,06067,Urban,4627,0,0
06067002500,06067,Urban,1935,0,0
06067002600,06067,Urban,2538,0,0
06067002700,06067,Urban,3545,0,0
06067002800,06067,Urban,3317,0,0
06067002900,06067,Urban,4617,0,0
06067003001,06067,Urban,2757,0,0
06067003002,06067,Urban,3897,0,0
06067003101,06067,Urban,3583,0,0
06067003102,06067,Urban,3168,0,0
06067003202,06067,Urban,5354,0,0
06067003203,06067,Urban,3149,0,0
06067003204,06067,Urban,5553,0,0
06067003300,06067,Urban,4256,0,0
06067003400,06067,Urban,4335,0,0
06067003501,06067,Urban,2760,0,0
06067003502,06067,Urban,3034,0,0
06067003600,06067,Urban,2728,0,0
06067003700,06067,Urban,4611,0,0
06067003800,06067,Urban,5348,0,0
06067003900,06067,Urban,3598,1,0
06067004005,06067,Urban,4418,0,0
06067004006,06067,Urban,5175,0,0
06067004008,06067,Urban,3665,1,0
06067004011,06067,Urban,3185,0,0
06067004012,06067,Urban,3338,1,0
06067004013,06067,Urban,3580,0,0
06067004014,06067,Urban,2708,0,0
06067004015,06067,Urban,4254,1,0
06067004016,06067,Urban,2108,1,0
06067004017,06067,Urban,2813,0,0
06067004018,06067,Urban,2441,0,0
06067004019,06067,Urban,2996,0,0
06067004020,06067,Urban,2135,0,0
06067004100,06067,Urban,5459,0,0
06067004201,06067,Urban,5564,0,0
06067004202,06067,Urban,5774,0,0
06067004203,06067,Urban,5889,1,1
06067004301,06067,Urban,4919,1,0
06067004302,06067,Urban,4730,1,0
06067004401,06067,Urban,4431,0,0
06067004402,06067,Urban,4343,0,0
06067004501,06067,Urban,3643,0,0
06067004502,06067,Urban,5362,0,0
06067004602,06067,Urban,5663,0,0
06067004603,06067,Urban,2789,0,0
06067004604,06067,Urban,5080,0,0
06067004701,06067,Urban,3895,0,0
06067004702,06067,Urban,5050,0,0
06067004801,06067,Urban,6041,0,0
06067004802,06067,Urban,4958,0,0
06067004904,06067,Urban,6468,0,0
06067004906,06067,Urban,3279,0,0
06067004907,06067,Urban,2523,0,0
06067004908,06067,Urban,4740,0,0
06067004909,06067,Urban,2892,0,0
06067004910,06067,Urban,4103,0,0
06067005002,06067,Urban,7436,0,0
06067005003,06067,Urban,5240,0,0
06067005004,06067,Urban,3703,0,0
06067005101,06067,Urban,4879,0,0
06067005102,06067,Urban,4632,0,0
06067005201,06067,Urban,4645,0,0
06067005202,06067,Urban,3513,1,0
06067005204,06067,Urban,4900,1,0
06067005205,06067,Urban,3096,0,0
06067005301,06067,Urban,5508,0,0
06067005402,06067,Urban,3272,0,0
06067005403,06067,Urban,2234,1,0
06067005404,06067,Urban,6080,1,0
06067005502,06067,Urban,6031,0,0
06067005505,06067,Urban,5619,0,0
06067005506,06067,Urban,3410,0,0
06067005508,06067,Urban,3491,0,0
06067005509,06067,Urban,2008,0,0
06067005510,06067,Urban,5238,0,0
06067005601,06067,Urban,6136,0,0
06067005605,06067,Urban,3758,0,0
06067005606,06067,Urban,4461,0,0
06067005701,06067,Urban,3175,0,0
06067005702,06067,Urban,4887,0,0
06067005801,06067,Urban,5335,0,0
06067005803,06067,Urban,3731,1,0
06067005804,06067,Urban,2659,1,0
06067005901,06067,Urban,6722,0,0
06067005903,06067,Urban,2996,0,0
06067005904,06067,Urban,5348,0,0
06067006002,06067,Urban,5309,0,0
06067006003,06067,Urban,5029,0,0
06067006004,06067,Urban,2626,0,0
06067006101,06067,Urban,5500,0,0
06067006102,06067,Urban,4047,0,0
06067006202,06067,Urban,4319,0,0
06067006203,06067,Urban,3873,0,0
06067006204,06067,Urban,4137,0,0
06067006300,06067,Urban,5262,0,0
06067006400,06067,Urban,5918,0,0
06067006501,06067,Urban,5005,0,0
06067006502,06067,Urban,2565,0,0
06067006600,06067,Urban,7103,0,0
06067006703,06067,Urban,4985,0,0
06067006704,06067,Urban,3903,0,0
06067006705,06067,Urban,4982,0,0
06067006706,06067,Urban,3943,0,0
06067006801,06067,Urban,1990,0,0
06067006802,06067,Urban,2806,0,0
06067006803,06067,Urban,3151,0,0
06067006901,06067,Urban,1774,0,0
06067006902,06067,Urban,3608,0,0
06067007001,06067,Urban,4493,0,0
06067007007,06067,Urban,5691,0,0
06067007010,06067,Urban,4015,0,0
06067007011,06067,Urban,6494,1,0
06067007012,06067,Urban,3605,0,0
06067007013,06067,Urban,3015,0,0
06067007016,06067,Urban,5971,1,1
06067007017,06067,Urban,2986,1,0
06067007019,06067,Urban,2815,0,0
06067007020,06067,Urban,4225,1,0
06067007021,06067,Urban,4795,0,0
06067007022,06067,Urban,3489,0,0
06067007023,06067,Urban,5137,0,0
06067007024,06067,Urban,2626,0,0
06067007025,06067,Urban,3695,0,0
06067007026,06067,Urban,5697,1,0
06067007027,06067,Urban,2145,0,0
06067007028,06067,Urban,5110,0,0
06067007101,06067,Rural,218,0,0
06067007103,06067,Urban,4058,0,0
06067007105,06067,Urban,7408,1,0
06067007106,06067,Urban,7378,0,0
06067007107,06067,Urban,4076,1,0
06067007108,06067,Urban,6138,0,0
06067007109,06067,Urban,3801,1,0
06067007110,06067,Urban,4272,0,0
06067007111,06067,Urban,4327,1,0
06067007202,06067,Urban,4282,1,1
06067007204,06067,Urban,5509,1,1
06067007206,06067,Rural,4067,0,0
06067007207,06067,Rural,4330,0,0
06067007208,06067,Urban,4819,1,0
06067007209,06067,Urban,3881,0,0
06067007301,06067,Urban,5251,0,0
06067007402,06067,Urban,6992,0,0
06067007403,06067,Urban,4969,0,0
06067007413,06067,Urban,7556,0,0
06067007414,06067,Urban,4409,0,0
06067007415,06067,Urban,3445,0,0
06067007416,06067,Urban,4175,0,0
06067007417,06067,Urban,3685,0,0
06067007422,06067,Urban,2849,0,0
06067007423,06067,Urban,5803,0,0
06067007424,06067,Urban,4087,0,0
06067007426,06067,Urban,2444,0,0
06067007427,06067,Urban,7278,1,1
06067007428,06067,Urban,3756,0,0
06067007429,06067,Urban,5186,0,0
06067007430,06067,Urban,8078,0,0
06067007431,06067,Urban,3613,1,0
06067007432,06067,Urban,5236,1,0
06067007434,06067,Urban,6339,0,0
06067007435,06067,Urban,2420,0,0
06067007436,06067,Urban,2251,1,0
06067007437,06067,Urban,7076,1,0
06067007438,06067,Urban,3455,0,0
06067007439,06067,Urban,4749,1,0
06067007501,06067,Urban,7168,0,0
06067007503,06067,Urban,5605,0,0
06067007504,06067,Urban,2256,0,0
06067007602,06067,Urban,5108,0,0
06067007603,06067,Urban,3167,0,0
06067007604,06067,Urban,4100,0,0
06067007701,06067,Urban,7420,0,0
06067007702,06067,Urban,4855,0,0
06067007801,06067,Urban,5807,1,0
06067007802,06067,Urban,4951,1,0
06067007903,06067,Urban,4869,0,0
06067007904,06067,Urban,5212,0,0
06067007905,06067,Urban,4484,0,0
06067007906,06067,Urban,3832,0,0
06067008005,06067,Urban,4647,1,0
06067008006,06067,Urban,5869,1,0
06067008007,06067,Urban,3290,0,0
06067008008,06067,Urban,4939,0,0
06067008009,06067,Urban,4692,1,0
06067008010,06067,Urban,5032,0,0
06067008111,06067,Urban,6467,0,0
06067008113,06067,Urban,3852,0,0
06067008117,06067,Urban,2168,0,0
06067008119,06067,Urban,5857,0,0
06067008120,06067,Urban,4839,0,0
06067008122,06067,Urban,3890,0,0
06067008124,06067,Urban,4692,1,0
06067008125,06067,Urban,5405,1,0
06067008127,06067,Urban,4925,0,0
06067008128,06067,Urban,2392,0,0
06067008129,06067,Urban,3519,0,0
06067008130,06067,Urban,4014,0,0
06067008131,06067,Urban,5796,0,0
06067008132,06067,Urban,3758,1,0
06067008133,06067,Urban,2794,0,0
06067008134,06067,Urban,5086,0,0
06067008135,06067,Urban,4283,0,0
06067008136,06067,Urban,2848,0,0
06067008137,06067,Urban,2430,0,0
06067008138,06067,Urban,3724,0,0
06067008139,06067,Urban,3818,0,0
06067008140,06067,Urban,3095,0,0
06067008141,06067,Urban,7300,0,0
06067008142,06067,Urban,3724,0,0
06067008143,06067,Urban,4379,0,0
06067008144,06067,Urban,3018,0,0
06067008145,06067,Urban,7520,1,0
06067008203,06067,Urban,4923,1,0
06067008204,06067,Urban,4702,0,0
06067008206,06067,Urban,5930,0,0
06067008207,06067,Urban,4529,0,0
06067008208,06067,Urban,4715,0,0
06067008209,06067,Urban,4372,1,0
06067008210,06067,Urban,5660,1,0
06067008211,06067,Urban,2959,1,0
06067008402,06067,Urban,5447,1,0
06067008403,06067,Urban,6060,0,0
06067008404,06067,Urban,3329,0,0
06067008501,06067,Urban,7064,1,0
06067008504,06067,Urban,5367,0,0
06067008505,06067,Urban,2200,1,0
06067008506,06067,Urban,2827,0,0
06067008507,06067,Urban,4109,1,0
06067008508,06067,Urban,8897,1,0
06067008509,06067,Urban,4748,1,0
06067008510,06067,Urban,5292,1,0
06067008512,06067,Urban,5453,1,0
06067008513,06067,Urban,3962,1,0
06067008601,06067,Rural,5563,0,0
06067008602,06067,Rural,1729,0,0
06067008702,06067,Urban,2867,1,0
06067008703,06067,Urban,5786,1,0
06067008704,06067,Urban,3605,0,0
06067008706,06067,Urban,1998,1,0
06067008707,06067,Rural,6648,0,0
06067008708,06067,Urban,3173,1,0
06067008802,06067,Urban,3001,1,0
06067008803,06067,Urban,1766,1,1
06067008905,06067,Urban,4912,0,0
06067008907,06067,Urban,5277,0,0
06067008908,06067,Urban,5204,0,0
06067008909,06067,Urban,2481,0,0
06067008910,06067,Urban,3768,0,0
06067008911,06067,Urban,2434,0,0
06067008912,06067,Urban,3130,0,0
06067008913,06067,Urban,4320,1,1
06067009004,06067,Urban,4041,0,0
06067009005,06067,Urban,3511,0,0
06067009006,06067,Urban,5649,0,0
06067009007,06067,Urban,3084,0,0
06067009008,06067,Urban,5143,0,0
06067009010,06067,Urban,6018,0,0
06067009011,06067,Urban,5547,0,0
06067009103,06067,Urban,3472,0,0
06067009105,06067,Urban,2905,1,1
06067009106,06067,Urban,4247,1,0
06067009107,06067,Urban,3361,0,0
06067009108,06067,Urban,3800,0,0
06067009109,06067,Urban,4875,0,0
06067009110,06067,Urban,1873,0,0
06067009111,06067,Urban,5800,0,0
06067009112,06067,Urban,3690,0,0
06067009201,06067,Urban,6781,1,0
06067009307,06067,Urban,5436,0,0
06067009308,06067,Urban,6197,0,0
06067009309,06067,Urban,2424,0,0
06067009310,06067,Urban,7303,1,0
06067009311,06067,Urban,6750,1,0
06067009312,06067,Urban,7749,1,0
06067009314,06067,Urban,6350,1,0
06067009316,06067,Urban,4915,0,0
06067009317,06067,Urban,7182,0,0
06067009318,06067,Urban,2497,0,0
06067009319,06067,Urban,5588,1,0
06067009320,06067,Urban,4688,0,0
06067009321,06067,Urban,5975,1,1
06067009323,06067,Urban,5605,1,0
06067009326,06067,Urban,5117,1,0
06067009328,06067,Urban,6022,1,0
06067009329,06067,Urban,2471,1,1
06067009330,06067,Urban,4541,1,0
06067009331,06067,Urban,7663,1,0
06067009332,06067,Urban,1609,1,0
06067009333,06067,Urban,2374,0,0
06067009334,06067,Urban,5840,1,0
06067009335,06067,Urban,6166,0,0
06067009336,06067,Rural,3850,0,0
06067009403,06067,Rural,2077,0,0
06067009404,06067,Rural,6603,0,0
06067009406,06067,Rural,2443,0,0
06067009408,06067,Rural,1767,0,0
06067009409,06067,Urban,4876,1,0
06067009410,06067,Urban,5869,0,0
06067009501,06067,Urban,2784,1,0
06067009502,06067,Urban,7414,1,0
06067009503,06067,Urban,3326,0,0
06067009504,06067,Urban,2713,0,0
06067009601,06067,Urban,6954,1,1
06067009608,06067,Urban,10056,0,0
06067009609,06067,Urban,5308,1,1
06067009610,06067,Urban,6864,1,0
06067009611,06067,Urban,3553,0,0
06067009612,06067,Urban,5321,0,0
06067009614,06067,Urban,7234,1,0
06067009616,06067,Urban,6117,0,0
06067009617,06067,Urban,3613,0,0
06067009618,06067,Urban,4834,0,0
06067009622,06067,Urban,7565,1,0
06067009632,06067,Urban,7195,1,0
06067009633,06067,Urban,3573,0,0
06067009634,06067,Urban,5150,0,0
06067009635,06067,Urban,6077,1,0
06067009637,06067,Urban,6374,1,0
06067009639,06067,Urban,3897,0,0
06067009640,06067,Urban,3124,0,0
06067009641,06067,Urban,4229,0,0
06067009642,06067,Urban,1874,0,0
06067009643,06067,Urban,6361,1,0
06067009644,06067,Urban,3328,1,0
06067009645,06067,Urban,4579,0,0
06067009646,06067,Urban,3783,1,0
06067009647,06067,Urban,6617,1,0
06067009648,06067,Urban,3562,1,1
06067009649,06067,Urban,5314,1,0
06067009650,06067,Urban,3455,1,0
06067009651,06067,Urban,5683,0,0
06067009652,06067,Rural,3810,0,0
06067009653,06067,Rural,3282,0,0
06067009800,06067,Rural,2183,0,0
06067009900,06067,Rural,3730,0,0
06067988300,06067,Urban,5667,1,0
06069000100,06069,Rural,5421,0,0
06069000200,06069,Rural,6729,0,0
06069000300,06069,Urban,5553,0,0
06069000400,06069,Urban,6748,0,0
06069000501,06069,Urban,5834,1,0
06069000502,06069,Urban,6952,1,1
06069000601,06069,Urban,4691,1,1
06069000602,06069,Urban,4260,1,1
06069000701,06069,Urban,4742,0,0
06069000702,06069,Urban,6423,1,1
06069000801,06069,Urban,3295,1,1
06069000802,06069,Rural,3561,1,0
06071000103,06071,Urban,4307,0,0
06071000104,06071,Urban,6106,1,0
06071000105,06071,Urban,6087,1,0
06071000107,06071,Urban,2806,0,0
06071000108,06071,Urban,5060,1,0
06071000109,06071,Urban,6483,1,0
06071000111,06071,Rural,2753,0,0
06071000115,06071,Urban,9722,1,0
06071000117,06071,Urban,6736,1,0
06071000118,06071,Urban,4846,1,0
06071000119,06071,Urban,4687,0,0
06071000120,06071,Urban,7649,1,0
06071000121,06071,Urban,8633,1,0
06071000122,06071,Rural,3194,0,0
06071000201,06071,Urban,5356,0,0
06071000203,06071,Urban,4189,0,0
06071000205,06071,Urban,4853,0,0
06071000207,06071,Urban,4194,0,0
06071000208,06071,Urban,4145,0,0
06071000304,06071,Urban,6163,0,0
06071000305,06071,Urban,5660,0,0
06071000306,06071,Urban,3419,0,0
06071000307,06071,Urban,3198,0,0
06071000308,06071,Urban,3678,0,0
06071000401,06071,Urban,6359,0,0
06071000403,06071,Urban,4672,0,0
06071000404,06071,Urban,5037,0,0
06071000501,06071,Urban,6885,0,0
06071000503,06071,Urban,5150,0,0
06071000504,06071,Urban,5414,1,0
06071000603,06071,Urban,5068,0,0
06071000604,06071,Urban,5667,0,0
06071000605,06071,Urban,4829,0,0
06071000606,06071,Urban,4325,0,0
06071000804,06071,Urban,3441,1,0
06071000808,06071,Urban,6173,0,0
06071000812,06071,Urban,4069,0,0
06071000813,06071,Urban,3481,1,0
06071000814,06071,Urban,3867,1,0
06071000815,06071,Urban,3612,1,0
06071000816,06071,Urban,4069,1,0
06071000817,06071,Urban,4021,0,0
06071000818,06071,Urban,5531,0,0
06071000819,06071,Urban,5518,1,0
06071000820,06071,Urban,3979,1,0
06071000821,06071,Urban,4929,0,0
06071000823,06071,Urban,6839,0,0
06071000824,06071,Urban,5305,0,0
06071000825,06071,Urban,4311,0,0
06071000826,06071,Urban,4183,0,0
06071000901,06071,Urban,4912,0,0
06071000903,06071,Urban,4383,0,0
06071000904,06071,Urban,3927,0,0
06071001001,06071,Urban,5069,0,0
06071001002,06071,Urban,5283,0,0
06071001101,06071,Urban,4161,0,0
06071001103,06071,Urban,4113,0,0
06071001104,06071,Urban,5338,0,0
06071001200,06071,Urban,4728,0,0
06071001305,06071,Urban,5287,0,0
06071001307,06071,Urban,3966,0,0
06071001308,06071,Urban,4943,0,0
06071001309,06071,Urban,4572,0,0
06071001310,06071,Urban,5600,0,0
06071001311,06071,Urban,3652,1,0
06071001312,06071,Urban,5865,0,0
06071001400,06071,Urban,3258,0,0
06071001501,06071,Urban,3974,0,0
06071001503,06071,Urban,3751,0,0
06071001504,06071,Urban,5545,0,0
06071001600,06071,Urban,5289,0,0
06071001702,06071,Urban,5774,0,0
06071001703,06071,Urban,5478,0,0
06071001704,06071,Urban,5086,0,0
06071001706,06071,Urban,6259,0,0
06071001707,06071,Urban,5567,0,0
06071001803,06071,Urban,3240,0,0
06071001804,06071,Urban,6458,0,0
06071001806,06071,Urban,4528,0,0
06071001808,06071,Urban,4340,0,0
06071001809,06071,Urban,4503,0,0
06071001810,06071,Urban,4561,0,0
06071001812,06071,Urban,3811,0,0
06071001813,06071,Urban,4048,0,0
06071001901,06071,Urban,5493,0,0
06071001906,06071,Urban,12054,1,0
06071001907,06071,Urban,11611,1,0
06071001908,06071,Urban,5106,1,0
06071001909,06071,Urban,2869,0,0
06071001910,06071,Rural,2231,0,0
06071001911,06071,Urban,5583,0,0
06071002011,06071,Urban,4058,1,0
06071002013,06071,Urban,4120,1,0
06071002014,06071,Urban,4770,1,0
06071002015,06071,Urban,4749,0,0
06071002016,06071,Urban,3787,0,0
06071002017,06071,Urban,5686,1,0
06071002018,06071,Urban,5240,1,0
06071002019,06071,Urban,4816,1,0
06071002021,06071,Urban,5252,1,0
06071002023,06071,Urban,5314,0,0
06071002025,06071,Urban,5079,0,0
06071002027,06071,Urban,5598,0,0
06071002028,06071,Urban,5507,0,0
06071002029,06071,Urban,5860,1,0
06071002031,06071,Urban,6318,0,0
06071002035,06071,Urban,7441,0,0
06071002037,06071,Urban,7729,1,0
06071002038,06071,Urban,5598,0,0
06071002039,06071,Urban,5997,1,0
06071002040,06071,Urban,5159,1,0
06071002041,06071,Urban,5179,1,0
06071002042,06071,Urban,2553,1,0
06071002043,06071,Urban,6295,1,0
06071002044,06071,Urban,4696,0,0
06071002045,06071,Urban,2799,0,0
06071002046,06071,Urban,6865,1,0
06071002047,06071,Urban,3682,0,0
06071002048,06071,Urban,3950,0,0
06071002049,06071,Urban,3207,0,0
06071002050,06071,Urban,5760,0,0
06071002051,06071,Urban,5149,0,0
06071002101,06071,Urban,4379,0,0
06071002103,06071,Urban,4681,0,0
06071002105,06071,Urban,5402,0,0
06071002107,06071,Urban,5212,0,0
06071002109,06071,Urban,6303,0,0
06071002111,06071,Urban,4066,0,0
06071002112,06071,Urban,3347,0,0
06071002204,06071,Urban,6141,1,0
06071002206,06071,Urban,6654,1,0
06071002207,06071,Urban,5918,1,1
06071002306,06071,Urban,3696,0,0
06071002307,06071,Urban,5004,0,0
06071002308,06071,Urban,9109,0,0
06071002309,06071,Urban,3781,0,0
06071002310,06071,Urban,5229,0,0
06071002311,06071,Urban,5102,1,0
06071002312,06071,Urban,5638,0,0
06071002313,06071,Urban,6874,0,0
06071002314,06071,Urban,6558,1,0
06071002315,06071,Urban,4712,1,0
06071002403,06071,Urban,5128,0,0
06071002404,06071,Urban,3412,0,0
06071002405,06071,Urban,5500,0,0
06071002406,06071,Urban,2646,0,0
06071002501,06071,Urban,5613,0,0
06071002503,06071,Urban,3573,0,0
06071002504,06071,Urban,4010,0,0
06071002602,06071,Urban,7248,0,0
06071002604,06071,Urban,5569,0,0
06071002606,06071,Urban,7171,1,0
06071002608,06071,Urban,6008,1,0
06071002609,06071,Urban,3577,0,0
06071002610,06071,Urban,3589,0,0
06071002611,06071,Urban,4380,1,0
06071002703,06071,Urban,5856,1,0
06071002705,06071,Urban,5718,0,0
06071002706,06071,Rural,14194,0,0
06071002707,06071,Urban,3146,1,0
06071002708,06071,Urban,6397,1,0
06071002709,06071,Urban,3986,1,0
06071002801,06071,Urban,5580,0,0
06071002803,06071,Urban,3974,0,0
06071002804,06071,Urban,5749,0,0
06071002901,06071,Urban,4715,0,0
06071002902,06071,Urban,6514,0,0
06071003000,06071,Urban,3158,0,0
06071003101,06071,Urban,4927,0,0
06071003102,06071,Urban,5844,0,0
06071003201,06071,Urban,3875,0,0
06071003202,06071,Urban,4424,0,0
06071003301,06071,Urban,5578,0,0
06071003302,06071,Urban,6937,0,0
06071003401,06071,Urban,7500,0,0
06071003403,06071,Urban,4320,0,0
06071003404,06071,Urban,4776,0,0
06071003405,06071,Urban,5338,0,0
06071003503,06071,Urban,5641,0,0
06071003505,06071,Urban,6554,0,0
06071003506,06071,Urban,5069,0,0
06071003507,06071,Urban,4787,0,0
06071003509,06071,Urban,5066,0,0
06071003510,06071,Urban,4824,0,0
06071003603,06071,Urban,4259,0,0
06071003605,06071,Urban,4308,0,0
06071003606,06071,Urban,5316,0,0
06071003607,06071,Urban,6230,0,0
06071003609,06071,Urban,5163,0,0
06071003611,06071,Urban,4827,0,0
06071003612,06071,Urban,4574,0,0
06071003700,06071,Urban,4018,0,0
06071003801,06071,Urban,5120,0,0
06071003803,06071,Urban,5020,0,0
06071003804,06071,Urban,4957,1,0
06071003900,06071,Urban,5514,0,0
06071004001,06071,Urban,4431,0,0
06071004003,06071,Urban,6176,1,1
06071004004,06071,Urban,5785,1,0
06071004101,06071,Urban,5736,0,0
06071004103,06071,Urban,5907,0,0
06071004104,06071,Urban,5183,0,0
06071004201,06071,Urban,7125,0,0
06071004202,06071,Urban,5515,0,0
06071004301,06071,Urban,4542,0,0
06071004302,06071,Urban,4348,1,1
06071004401,06071,Urban,4406,1,1
06071004403,06071,Urban,5736,0,0
06071004404,06071,Urban,6047,0,0
06071004503,06071,Rural,3829,0,0
06071004505,06071,Urban,5456,0,0
06071004507,06071,Urban,5543,0,0
06071004509,06071,Urban,5210,0,0
06071004510,06071,Urban,5337,1,1
06071004511,06071,Urban,3863,0,0
06071004512,06071,Urban,5075,1,0
06071004601,06071,Urban,7431,1,0
06071004603,06071,Urban,6454,1,0
06071004604,06071,Urban,5709,0,0
06071004700,06071,Urban,6090,0,0
06071004800,06071,Urban,3486,0,0
06071004901,06071,Urban,4270,0,0
06071004902,06071,Urban,3299,0,0
06071005101,06071,Urban,4601,0,0
06071005102,06071,Urban,4189,0,0
06071005200,06071,Urban,4521,0,0
06071005300,06071,Urban,6064,0,0
06071005400,06071,Urban,6981,0,0
06071005501,06071,Urban,2865,0,0
06071005502,06071,Urban,6482,0,0
06071005601,06071,Urban,4060,0,0
06071005602,06071,Urban,3354,0,0
06071005701,06071,Urban,2150,0,0
06071005800,06071,Urban,4039,0,0
06071006101,06071,Urban,4867,1,1
06071006102,06071,Urban,4752,0,0
06071006201,06071,Urban,4109,0,0
06071006203,06071,Urban,5500,0,0
06071006204,06071,Urban,4506,0,0
06071006301,06071,Urban,5370,0,0
06071006303,06071,Urban,4983,0,0
06071006304,06071,Urban,4743,0,0
06071006401,06071,Urban,3090,0,0
06071006402,06071,Urban,5286,0,0
06071006501,06071,Urban,3727,0,0
06071006502,06071,Urban,3628,0,0
06071006601,06071,Urban,4537,0,0
06071006603,06071,Urban,5125,0,0
06071006604,06071,Urban,4099,0,0
06071006700,06071,Urban,4484,0,0
06071007001,06071,Urban,3596,0,0
06071007002,06071,Urban,4952,0,0
06071007104,06071,Urban,4030,1,0
06071007105,06071,Urban,3259,1,0
06071007106,06071,Urban,4254,1,0
06071007107,06071,Urban,3416,0,0
06071007108,06071,Urban,2309,0,0
06071007110,06071,Urban,4917,0,0
06071007111,06071,Urban,3640,0,0
06071007112,06071,Urban,3345,0,0
06071007201,06071,Urban,3671,0,0
06071007202,06071,Urban,3027,0,0
06071007303,06071,Urban,4969,1,1
06071007305,06071,Urban,4915,0,0
06071007306,06071,Urban,6044,0,0
06071007307,06071,Urban,5162,1,0
06071007308,06071,Urban,5074,1,0
06071007404,06071,Urban,4638,0,0
06071007407,06071,Urban,3119,0,0
06071007408,06071,Urban,4432,0,0
06071007409,06071,Urban,6278,0,0
06071007410,06071,Urban,6091,0,0
06071007411,06071,Urban,1729,1,0
06071007412,06071,Urban,6645,0,0
06071007603,06071,Urban,5059,0,0
06071007604,06071,Urban,4844,0,0
06071007605,06071,Urban,4233,0,0
06071007606,06071,Urban,3556,0,0
06071007800,06071,Urban,6632,0,0
06071007903,06071,Urban,4931,1,0
06071007904,06071,Urban,7061,1,0
06071007905,06071,Urban,3600,1,0
06071007906,06071,Urban,4343,1,0
06071008001,06071,Urban,7038,0,0
06071008003,06071,Urban,4222,0,0
06071008004,06071,Urban,3250,0,0
06071008100,06071,Urban,3326,0,0
06071008201,06071,Urban,3323,0,0
06071008202,06071,Urban,2576,0,0
06071008301,06071,Urban,6616,0,0
06071008302,06071,Urban,3268,1,0
06071008402,06071,Urban,6501,1,0
06071008403,06071,Urban,5791,1,0
06071008404,06071,Urban,2931,1,1
06071008405,06071,Urban,5752,1,0
06071008406,06071,Urban,5254,1,0
06071008501,06071,Urban,3945,1,0
06071008502,06071,Urban,4782,1,0
06071008601,06071,Urban,6404,1,0
06071008602,06071,Urban,3641,1,1
06071008705,06071,Urban,4669,0,0
06071008708,06071,Urban,4415,1,0
06071008709,06071,Urban,4627,1,1
06071008710,06071,Urban,4700,0,0
06071008711,06071,Rural,3720,0,0
06071008712,06071,Urban,4102,1,0
06071008713,06071,Urban,4224,1,0
06071008714,06071,Urban,4314,1,1
06071008715,06071,Rural,7091,0,0
06071008716,06071,Urban,6650,1,0
06071008800,06071,Urban,6520,0,0
06071008901,06071,Rural,1890,0,0
06071009109,06071,Rural,5922,0,0
06071009119,06071,Rural,5761,0,0
06071009120,06071,Rural,4433,0,0
06071009121,06071,Rural,2825,0,0
06071009122,06071,Rural,3823,0,0
06071009123,06071,Rural,2760,0,0
06071009124,06071,Urban,5135,1,1
06071009125,06071,Urban,6019,0,0
06071009126,06071,Urban,6912,1,1
06071009127,06071,Urban,8155,1,0
06071009128,06071,Urban,5552,1,1
06071009129,06071,Rural,6763,0,0
06071009130,06071,Urban,5075,1,1
06071009131,06071,Urban,4882,0,0
06071009132,06071,Urban,2606,0,0
06071009133,06071,Rural,8582,0,0
06071009134,06071,Rural,862,0,0
06071009135,06071,Rural,5560,0,0
06071009136,06071,Urban,5789,1,1
06071009137,06071,Urban,4269,1,0
06071009138,06071,Urban,5260,1,1
06071009139,06071,Urban,5833,1,0
06071009201,06071,Urban,4761,1,0
06071009202,06071,Rural,1856,0,0
06071009300,06071,Rural,1193,0,0
06071009400,06071,Urban,3939,0,0
06071009501,06071,Urban,4121,0,0
06071009502,06071,Urban,3820,0,0
06071009708,06071,Rural,5106,0,0
06071009709,06071,Urban,6492,1,1
06071009712,06071,Urban,6400,1,1
06071009713,06071,Urban,7303,1,1
06071009714,06071,Urban,4269,1,0
06071009717,06071,Urban,4473,1,0
06071009718,06071,Urban,4066,1,1
06071009719,06071,Urban,3276,1,1
06071009720,06071,Urban,1743,0,0
06071009721,06071,Urban,5911,1,1
06071009722,06071,Urban,3413,1,1
06071009723,06071,Urban,5853,1,0
06071009724,06071,Urban,4298,1,0
06071009725,06071,Urban,5666,1,0
06071009726,06071,Rural,3474,0,0
06071009727,06071,Urban,4599,1,1
06071009800,06071,Urban,5051,0,0
06071009906,06071,Urban,5401,1,0
06071009908,06071,Urban,5270,1,1
06071009910,06071,Urban,5249,1,1
06071009911,06071,Urban,7099,1,1
06071009912,06071,Urban,5695,0,0
06071009913,06071,Urban,6582,1,1
06071009914,06071,Urban,3348,0,0
06071009915,06071,Rural,2930,0,0
06071009916,06071,Urban,6303,0,0
06071009917,06071,Urban,6607,0,0
06071009918,06071,Urban,3766,0,0
06071010009,06071,Rural,4386,0,0
06071010010,06071,Urban,7129,1,1
06071010011,06071,Urban,5377,0,0
06071010012,06071,Urban,5228,1,1
06071010014,06071,Urban,5020,0,0
06071010015,06071,Urban,5940,0,0
06071010016,06071,Urban,6228,1,0
06071010019,06071,Urban,5664,1,1
06071010021,06071,Urban,7189,1,0
06071010022,06071,Urban,4542,1,0
06071010023,06071,Urban,6399,1,0
06071010024,06071,Urban,5711,1,0
06071010027,06071,Urban,3966,1,1
06071010028,06071,Urban,4453,1,1
06071010029,06071,Urban,4295,1,1
06071010030,06071,Urban,3070,1,0
06071010031,06071,Urban,5099,1,0
06071010032,06071,Urban,6546,1,1
06071010033,06071,Urban,2002,0,0
06071010034,06071,Urban,4861,1,0
06071010035,06071,Urban,3577,0,0
06071010036,06071,Urban,4709,0,0
06071010037,06071,Urban,7242,1,1
06071010038,06071,Urban,4736,0,0
06071010039,06071,Urban,2488,1,0
06071010040,06071,Urban,3287,1,0
06071010041,06071,Urban,6221,1,0
06071010042,06071,Urban,5246,1,0
06071010300,06071,Rural,2973,0,0
06071010402,06071,Rural,12280,1,1
06071010410,06071,Rural,3085,0,0
06071010413,06071,Urban,6324,1,1
06071010415,06071,Urban,5540,1,1
06071010417,06071,Rural,3257,0,0
06071010419,06071,Urban,4112,1,1
06071010420,06071,Rural,3813,0,0
06071010422,06071,Rural,1716,0,0
06071010424,06071,Rural,1739,0,0
06071010425,06071,Rural,826,1,1
06071010426,06071,Rural,2020,0,0
06071010427,06071,Urban,2805,0,0
06071010428,06071,Rural,4232,0,0
06071010429,06071,Urban,4245,1,1
06071010430,06071,Urban,3915,1,0
06071010431,06071,Rural,1307,0,0
06071010432,06071,Rural,1759,0,0
06071010433,06071,Urban,4354,1,1
06071010434,06071,Urban,1443,0,0
06071010435,06071,Rural,2207,0,0
06071010436,06071,Rural,1062,0,0
06071010700,06071,Urban,3731,0,0
06071010803,06071,Urban,3669,1,0
06071010804,06071,Urban,3180,1,1
06071010805,06071,Rural,2634,0,0
06071010806,06071,Rural,3149,0,0
06071010903,06071,Urban,2737,1,0
06071010904,06071,Urban,2664,1,1
06071010905,06071,Urban,2288,1,0
06071010906,06071,Urban,1158,0,0
06071011002,06071,Rural,1746,0,0
06071011003,06071,Urban,1439,1,0
06071011004,06071,Urban,1118,0,0
06071011101,06071,Urban,3943,1,0
06071011102,06071,Rural,2315,0,0
06071011203,06071,Urban,1325,0,0
06071011204,06071,Urban,1241,1,0
06071011205,06071,Urban,1355,1,1
06071011206,06071,Rural,1065,0,0
06071011300,06071,Rural,1522,0,0
06071011404,06071,Rural,3902,0,0
06071011405,06071,Urban,1686,1,0
06071011406,06071,Urban,2578,0,0
06071011407,06071,Urban,1946,0,0
06071011408,06071,Urban,1839,1,1
06071011500,06071,Rural,2109,1,1
06071011601,06071,Urban,6320,1,0
06071011602,06071,Rural,1575,0,0
06071011700,06071,Rural,1432,0,0
06071011801,06071,Rural,4049,0,0
06071011802,06071,Urban,3277,1,1
06071011900,06071,Rural,2603,0,0
06071012001,06071,Urban,6351,0,0
06071012002,06071,Urban,5882,0,0
06071012101,06071,Rural,5985,0,0
06071012103,06071,Rural,3390,0,0
06071012105,06071,Rural,2955,0,0
06071012106,06071,Rural,2107,0,0
06071012201,06071,Urban,9002,1,0
06071012202,06071,Urban,2898,1,1
06071012300,06071,Urban,1481,0,0
06071012400,06071,Urban,3140,0,0
06071012500,06071,Urban,4329,0,0
06071012700,06071,Urban,4000,1,0
06071025000,06071,Urban,8111,1,1
06071025100,06071,Rural,2038,1,1
06071940100,06071,Rural,1213,0,0
06071980100,06071,Urban,4,0,0
06071980200,06071,Urban,3953,1,0
06073000100,06073,Urban,2908,0,0
06073000201,06073,Urban,2001,0,0
06073000202,06073,Urban,4441,0,0
06073000301,06073,Urban,2155,0,0
06073000302,06073,Urban,2811,0,0
06073000400,06073,Urban,3794,0,0
06073000500,06073,Urban,3012,0,0
06073000600,06073,Urban,3182,0,0
06073000700,06073,Urban,4072,0,0
06073000800,06073,Urban,4890,0,0
06073000901,06073,Urban,3184,0,0
06073000902,06073,Urban,2479,0,0
06073001000,06073,Urban,4690,0,0
06073001100,06073,Urban,3000,0,0
06073001201,06073,Urban,2235,0,0
06073001202,06073,Urban,3216,0,0
06073001301,06073,Urban,2696,0,0
06073001302,06073,Urban,3331,0,0
06073001400,06073,Urban,3205,0,0
06073001500,06073,Urban,3827,0,0
06073001600,06073,Urban,5244,0,0
06073001700,06073,Urban,4521,0,0
06073001801,06073,Urban,2003,0,0
06073001802,06073,Urban,3061,0,0
06073001900,06073,Urban,3036,0,0
06073002001,06073,Urban,3459,1,0
06073002002,06073,Urban,2671,1,0
06073002100,06073,Urban,5235,0,0
06073002201,06073,Urban,3593,0,0
06073002202,06073,Urban,4928,0,0
06073002301,06073,Urban,2976,0,0
06073002302,06073,Urban,6215,0,0
06073002401,06073,Urban,4061,0,0
06073002402,06073,Urban,4735,0,0
06073002501,06073,Urban,5172,0,0
06073002502,06073,Urban,5929,0,0
06073002601,06073,Urban,5326,0,0
06073002602,06073,Urban,4117,0,0
06073002702,06073,Urban,5695,0,0
06073002703,06073,Urban,7181,0,0
06073002705,06073,Urban,4373,0,0
06073002707,06073,Urban,4687,0,0
06073002708,06073,Urban,5570,0,0
06073002709,06073,Urban,3487,0,0
06073002710,06073,Urban,3943,0,0
06073002711,06073,Urban,3170,0,0
06073002712,06073,Urban,4952,0,0
06073002801,06073,Urban,5347,1,1
06073002803,06073,Urban,5495,0,0
06073002804,06073,Urban,4864,0,0
06073002902,06073,Urban,6540,0,0
06073002903,06073,Urban,3826,0,0
06073002904,06073,Urban,8957,0,0
06073002905,06073,Urban,4335,0,0
06073003001,06073,Urban,4567,1,0
06073003003,06073,Urban,5233,1,1
06073003004,06073,Urban,4974,0,0
06073003101,06073,Urban,3919,0,0
06073003103,06073,Urban,6242,0,0
06073003105,06073,Urban,4261,0,0
06073003107,06073,Urban,5870,0,0
06073003108,06073,Urban,3454,0,0
06073003109,06073,Urban,3037,1,0
06073003111,06073,Urban,6139,0,0
06073003112,06073,Urban,4754,0,0
06073003113,06073,Urban,5045,1,0
06073003114,06073,Urban,3133,0,0
06073003115,06073,Urban,6554,0,0
06073003201,06073,Urban,5077,0,0
06073003202,06073,Urban,4755,0,0
06073003204,06073,Urban,3725,1,0
06073003207,06073,Urban,6024,1,0
06073003208,06073,Urban,6944,0,0
06073003209,06073,Urban,5397,0,0
06073003211,06073,Urban,3144,0,0
06073003212,06073,Urban,4231,0,0
06073003213,06073,Urban,3965,1,0
06073003214,06073,Urban,4764,0,0
06073003301,06073,Urban,3394,0,0
06073003303,06073,Urban,4330,0,0
06073003304,06073,Urban,3601,0,0
06073003305,06073,Urban,5823,0,0
06073003401,06073,Urban,6259,0,0
06073003403,06073,Urban,4054,0,0
06073003404,06073,Urban,4481,0,0
06073003501,06073,Urban,3994,0,0
06073003502,06073,Urban,4599,0,0
06073003601,06073,Urban,2951,0,0
06073003602,06073,Urban,3056,0,0
06073003603,06073,Urban,4092,0,0
06073003800,06073,Urban,7014,0,0
06073003901,06073,Urban,3892,0,0
06073003902,06073,Urban,4673,0,0
06073004000,06073,Urban,4521,0,0
06073004101,06073,Urban,3986,0,0
06073004102,06073,Urban,1899,0,0
06073004200,06073,Urban,5818,1,0
06073004300,06073,Urban,3660,0,0
06073004400,06073,Urban,3750,0,0
06073004501,06073,Urban,2612,0,0
06073004600,06073,Urban,1912,0,0
06073004700,06073,Urban,1493,0,0
06073004800,06073,Urban,3384,0,0
06073004900,06073,Urban,4978,0,0
06073005000,06073,Urban,2312,0,0
06073005101,06073,Urban,3199,0,0
06073005102,06073,Urban,4428,0,0
06073005103,06073,Urban,4242,0,0
06073005201,06073,Urban,3562,0,0
06073005202,06073,Urban,4270,0,0
06073005301,06073,Urban,2975,0,0
06073005302,06073,Urban,4328,0,0
06073005401,06073,Urban,1723,0,0
06073005402,06073,Urban,4126,0,0
06073005403,06073,Urban,3705,0,0
06073005500,06073,Urban,390,1,0
06073005601,06073,Urban,2728,0,0
06073005602,06073,Urban,2365,0,0
06073005700,06073,Urban,1416,0,0
06073005801,06073,Urban,1959,0,0
06073005802,06073,Urban,2535,0,0
06073005900,06073,Urban,2959,0,0
06073006000,06073,Urban,4381,0,0
06073006100,06073,Urban,2274,0,0
06073006200,06073,Urban,109,1,0
06073006300,06073,Urban,2183,1,0
06073006500,06073,Urban,3338,0,0
06073006600,06073,Urban,1845,0,0
06073006801,06073,Urban,2739,0,0
06073006802,06073,Urban,5704,0,0
06073006900,06073,Urban,5427,0,0
06073007002,06073,Urban,3155,0,0
06073007100,06073,Urban,4646,1,0
06073007200,06073,Urban,5589,1,0
06073007302,06073,Urban,2193,0,0
06073007303,06073,Urban,1744,0,0
06073007304,06073,Urban,3303,0,0
06073007401,06073,Urban,3197,0,0
06073007402,06073,Urban,3631,0,0
06073007501,06073,Urban,3993,0,0
06073007502,06073,Urban,3150,0,0
06073007601,06073,Urban,2419,0,0
06073007602,06073,Urban,1876,0,0
06073007701,06073,Urban,3682,0,0
06073007702,06073,Urban,3837,0,0
06073007800,06073,Urban,5764,0,0
06073007905,06073,Urban,2508,0,0
06073007907,06073,Urban,3039,0,0
06073007908,06073,Urban,2874,0,0
06073007910,06073,Urban,2740,0,0
06073007911,06073,Urban,2571,0,0
06073007912,06073,Urban,1932,0,0
06073008002,06073,Urban,2598,0,0
06073008003,06073,Urban,3288,0,0
06073008006,06073,Urban,3885,0,0
06073008101,06073,Urban,3859,0,0
06073008102,06073,Urban,3424,0,0
06073008201,06073,Urban,1845,0,0
06073008202,06073,Urban,1524,0,0
06073008301,06073,Urban,3371,1,0
06073008303,06073,Urban,3531,1,0
06073008305,06073,Urban,14126,0,0
06073008306,06073,Urban,3163,1,0
06073008307,06073,Urban,3887,0,0
06073008310,06073,Urban,5731,1,0
06073008311,06073,Urban,2849,1,0
06073008312,06073,Urban,3787,1,0
06073008313,06073,Urban,2245,1,0
06073008324,06073,Urban,6745,1,0
06073008327,06073,Urban,6247,0,0
06073008328,06073,Urban,8213,1,0
06073008330,06073,Urban,5524,1,0
06073008331,06073,Urban,2568,1,0
06073008336,06073,Urban,2191,1,0
06073008337,06073,Urban,4358,0,0
06073008339,06073,Urban,1886,0,0
06073008343,06073,Urban,4322,0,0
06073008344,06073,Urban,3609,1,0
06073008345,06073,Urban,3609,1,0
06073008346,06073,Urban,4831,1,0
06073008347,06073,Urban,6598,1,0
06073008348,06073,Urban,5178,1,0
06073008349,06073,Urban,3526,0,0
06073008350,06073,Urban,6228,1,0
06073008351,06073,Urban,4393,0,0
06073008352,06073,Urban,3544,0,0
06073008353,06073,Urban,4941,1,0
06073008355,06073,Urban,3366,0,0
06073008356,06073,Urban,3697,0,0
06073008357,06073,Urban,4500,0,0
06073008358,06073,Urban,6856,0,0
06073008359,06073,Urban,4121,0,0
06073008360,06073,Urban,6159,0,0
06073008361,06073,Urban,2616,0,0
06073008362,06073,Urban,3334,0,0
06073008363,06073,Urban,5025,0,0
06073008364,06073,Urban,5132,0,0
06073008365,06073,Urban,2881,1,0
06073008366,06073,Urban,7113,1,0
06073008367,06073,Urban,3491,0,0
06073008368,06073,Urban,6580,1,0
06073008369,06073,Urban,3151,0,0
06073008370,06073,Urban,4080,0,0
06073008371,06073,Urban,4434,1,0
06073008372,06073,Urban,4260,1,0
06073008373,06073,Urban,3317,1,0
06073008374,06073,Urban,4298,1,0
06073008375,06073,Urban,4318,0,0
06073008376,06073,Urban,5686,0,0
06073008377,06073,Urban,2608,0,0
06073008378,06073,Urban,1024,0,0
06073008379,06073,Urban,4287,0,0
06073008380,06073,Urban,7165,1,0
06073008381,06073,Urban,2722,1,0
06073008501,06073,Urban,5271,0,0
06073008502,06073,Urban,6218,0,0
06073008503,06073,Urban,6869,1,0
06073008504,06073,Urban,6150,1,0
06073008505,06073,Urban,5657,0,0
06073008506,06073,Urban,3981,0,0
06073008507,06073,Urban,7520,0,0
06073008509,06073,Urban,6949,1,0
06073008510,06073,Urban,6912,0,0
06073008511,06073,Urban,5480,0,0
06073008512,06073,Urban,4386,1,0
06073008513,06073,Urban,2798,1,0
06073008600,06073,Urban,6535,0,0
06073008701,06073,Urban,3353,0,0
06073008702,06073,Urban,4750,0,0
06073008800,06073,Urban,6128,0,0
06073008901,06073,Urban,5036,1,0
06073008902,06073,Urban,2601,1,0
06073009000,06073,Urban,3746,0,0
06073009101,06073,Urban,5652,1,0
06073009102,06073,Urban,3529,0,0
06073009103,06073,Urban,3850,0,0
06073009104,06073,Urban,2886,1,0
06073009107,06073,Urban,5739,0,0
06073009108,06073,Urban,1943,0,0
06073009109,06073,Urban,4033,0,0
06073009201,06073,Urban,6165,0,0
06073009203,06073,Urban,4141,1,0
06073009204,06073,Urban,3362,1,0
06073009301,06073,Urban,4337,0,0
06073009305,06073,Urban,4948,0,0
06073009306,06073,Urban,6125,0,0
06073009307,06073,Urban,4863,0,0
06073009308,06073,Urban,4319,0,0
06073009400,06073,Urban,8035,1,1
06073009502,06073,Urban,3801,0,0
06073009504,06073,Rural,7198,0,0
06073009505,06073,Urban,6559,1,0
06073009506,06073,Urban,4385,1,0
06073009507,06073,Urban,3550,1,0
06073009509,06073,Urban,5314,1,0
06073009510,06073,Urban,4813,1,1
06073009511,06073,Urban,3852,1,1
06073009602,06073,Urban,3946,1,0
06073009603,06073,Urban,6293,0,0
06073009604,06073,Urban,3553,0,0
06073009703,06073,Urban,3590,1,0
06073009704,06073,Urban,6152,1,0
06073009705,06073,Urban,3847,1,0
06073009706,06073,Urban,7520,1,0
06073009801,06073,Urban,5164,0,0
06073009802,06073,Urban,6586,0,0
06073009804,06073,Urban,5024,1,0
06073009805,06073,Rural,4802,0,0
06073009901,06073,Urban,678,1,0
06073009902,06073,Urban,6,1,0
06073010001,06073,Urban,4032,0,0
06073010003,06073,Urban,5806,0,0
06073010004,06073,Urban,4538,0,0
06073010005,06073,Urban,7060,0,0
06073010009,06073,Urban,6517,0,0
06073010010,06073,Urban,5506,0,0
06073010011,06073,Urban,3603,0,0
06073010012,06073,Urban,4567,0,0
06073010013,06073,Urban,6009,0,0
06073010015,06073,Rural,4582,0,0
06073010016,06073,Rural,4126,0,0
06073010017,06073,Urban,5818,1,0
06073010018,06073,Urban,6718,1,0
06073010019,06073,Urban,4045,1,0
06073010103,06073,Urban,6248,0,0
06073010104,06073,Urban,3378,0,0
06073010106,06073,Urban,5237,0,0
06073010107,06073,Urban,6578,0,0
06073010109,06073,Urban,4597,0,0
06073010110,06073,Urban,7510,0,0
06073010111,06073,Urban,3289,0,0
06073010112,06073,Urban,5204,0,0
06073010201,06073,Urban,2768,0,0
06073010202,06073,Urban,3499,0,0
06073010300,06073,Urban,4485,0,0
06073010401,06073,Urban,2452,0,0
06073010402,06073,Urban,5800,0,0
06073010501,06073,Urban,1365,0,0
06073010502,06073,Urban,5766,0,0
06073010601,06073,Urban,2106,1,0
06073010800,06073,Urban,2339,0,0
06073010900,06073,Urban,1627,0,0
06073011000,06073,Urban,2983,0,0
06073011100,06073,Urban,3795,0,0
06073011300,06073,Urban,4036,1,0
06073011601,06073,Urban,5713,0,0
06073011602,06073,Urban,3520,0,0
06073011700,06073,Urban,7569,0,0
06073011801,06073,Urban,3692,0,0
06073011802,06073,Urban,6636,0,0
06073011902,06073,Urban,5797,0,0
06073012002,06073,Urban,3394,0,0
06073012003,06073,Urban,3372,0,0
06073012101,06073,Urban,2167,0,0
06073012102,06073,Urban,3160,0,0
06073012200,06073,Urban,3513,0,0
06073012302,06073,Urban,1889,0,0
06073012303,06073,Urban,3669,0,0
06073012304,06073,Urban,3997,0,0
06073012401,06073,Urban,3693,0,0
06073012402,06073,Urban,5822,0,0
06073012501,06073,Urban,4401,0,0
06073012502,06073,Urban,4576,0,0
06073012600,06073,Urban,5143,0,0
06073012700,06073,Urban,4945,0,0
06073012800,06073,Urban,4009,0,0
06073012900,06073,Urban,3540,0,0
06073013000,06073,Urban,5997,0,0
06073013102,06073,Urban,7294,0,0
06073013103,06073,Urban,2922,0,0
06073013104,06073,Urban,6017,0,0
06073013203,06073,Urban,6471,0,0
06073013204,06073,Urban,4114,0,0
06073013205,06073,Urban,2473,0,0
06073013206,06073,Urban,6909,0,0
06073013301,06073,Urban,5271,0,0
06073013302,06073,Urban,5073,0,0
06073013303,06073,Urban,5130,0,0
06073013306,06073,Urban,4615,0,0
06073013307,06073,Urban,4274,0,0
06073013308,06073,Urban,3962,0,0
06073013309,06073,Urban,6866,0,0
06073013312,06073,Urban,2798,0,0
06073013315,06073,Urban,3431,1,0
06073013316,06073,Urban,7461,1,0
06073013317,06073,Rural,16159,0,0
06073013318,06073,Urban,7876,0,0
06073013319,06073,Urban,7458,1,0
06073013320,06073,Urban,6556,1,0
06073013321,06073,Urban,8312,1,0
06073013322,06073,Urban,4635,0,0
06073013323,06073,Urban,6428,1,0
06073013324,06073,Urban,2644,0,0
06073013325,06073,Urban,5367,0,0
06073013326,06073,Urban,4478,1,0
06073013327,06073,Urban,5401,1,0
06073013401,06073,Urban,4499,1,0
06073013409,06073,Urban,5590,0,0
06073013411,06073,Urban,5270,1,0
06073013412,06073,Urban,5187,1,0
06073013414,06073,Urban,7375,1,0
06073013415,06073,Urban,1640,0,0
06073013416,06073,Urban,3930,1,0
06073013417,06073,Urban,1971,1,0
06073013418,06073,Urban,6095,0,0
06073013420,06073,Urban,3608,1,1
06073013421,06073,Urban,4720,1,0
06073013422,06073,Urban,3964,1,0
06073013423,06073,Rural,3934,0,0
06073013424,06073,Urban,5698,1,0
06073013425,06073,Urban,2243,1,0
06073013503,06073,Urban,6168,1,0
06073013504,06073,Urban,3847,1,0
06073013505,06073,Urban,5060,0,0
06073013506,06073,Urban,4422,1,0
06073013601,06073,Urban,5253,1,0
06073013604,06073,Urban,6256,1,0
06073013605,06073,Urban,5804,1,0
06073013607,06073,Urban,2665,0,0
06073013608,06073,Urban,4048,0,0
06073013701,06073,Urban,2588,1,0
06073013702,06073,Urban,5530,0,0
06073013801,06073,Urban,5178,0,0
06073013802,06073,Urban,3311,0,0
06073013903,06073,Urban,3927,0,0
06073013905,06073,Urban,4084,1,0
06073013906,06073,Urban,4965,1,1
06073013907,06073,Urban,4159,0,0
06073013908,06073,Urban,3972,0,0
06073013909,06073,Urban,4521,0,0
06073014001,06073,Urban,4941,0,0
06073014002,06073,Urban,4291,0,0
06073014101,06073,Urban,3867,0,0
06073014102,06073,Urban,3827,0,0
06073014200,06073,Urban,7130,1,0
06073014300,06073,Urban,3957,0,0
06073014400,06073,Urban,4270,0,0
06073014500,06073,Urban,4076,0,0
06073014601,06073,Urban,4779,0,0
06073014602,06073,Urban,4902,1,0
06073014701,06073,Urban,4045,0,0
06073014702,06073,Urban,4239,0,0
06073014803,06073,Urban,5048,0,0
06073014804,06073,Urban,4588,0,0
06073014805,06073,Urban,5104,0,0
06073014806,06073,Urban,2677,0,0
06073014901,06073,Urban,4742,0,0
06073014902,06073,Urban,3340,0,0
06073015001,06073,Urban,4294,0,0
06073015002,06073,Urban,2468,0,0
06073015100,06073,Urban,5011,0,0
06073015200,06073,Urban,3958,1,0
06073015301,06073,Urban,3411,0,0
06073015302,06073,Urban,4591,1,0
06073015403,06073,Urban,2545,1,0
06073015405,06073,Urban,5980,1,0
06073015406,06073,Urban,2520,1,0
06073015407,06073,Urban,4323,0,0
06073015408,06073,Urban,3817,1,0
06073015501,06073,Urban,5346,1,0
06073015502,06073,Urban,2950,1,0
06073015601,06073,Urban,6340,0,0
06073015602,06073,Urban,2472,1,0
06073015701,06073,Urban,6503,0,0
06073015704,06073,Urban,4559,0,0
06073015705,06073,Urban,4515,0,0
06073015706,06073,Urban,2473,0,0
06073015801,06073,Urban,4010,0,0
06073015802,06073,Urban,5027,0,0
06073015901,06073,Urban,3671,0,0
06073015902,06073,Urban,5340,0,0
06073016000,06073,Urban,2628,0,0
06073016100,06073,Urban,5991,0,0
06073016201,06073,Urban,6079,1,0
06073016202,06073,Urban,3793,0,0
06073016301,06073,Urban,5533,0,0
06073016302,06073,Urban,5750,0,0
06073016401,06073,Urban,5311,0,0
06073016403,06073,Urban,4778,1,1
06073016404,06073,Urban,3190,0,0
06073016502,06073,Urban,7271,0,0
06073016503,06073,Urban,3056,0,0
06073016504,06073,Urban,7171,0,0
06073016606,06073,Urban,3576,1,0
06073016607,06073,Urban,7111,0,0
06073016608,06073,Urban,2475,1,0
06073016609,06073,Urban,5470,1,0
06073016610,06073,Urban,4334,0,0
06073016613,06073,Urban,2006,0,0
06073016614,06073,Urban,4115,0,0
06073016615,06073,Urban,4278,0,0
06073016616,06073,Urban,4452,0,0
06073016617,06073,Urban,3550,0,0
06073016618,06073,Urban,3947,0,0
06073016619,06073,Urban,4576,0,0
06073016620,06073,Urban,2664,0,0
06073016621,06073,Urban,4386,1,0
06073016703,06073,Urban,2750,0,0
06073016704,06073,Urban,7174,1,0
06073016705,06073,Urban,4629,0,0
06073016706,06073,Urban,2966,0,0
06073016804,06073,Urban,7727,0,0
06073016806,06073,Urban,4462,0,0
06073016807,06073,Urban,7707,1,0
06073016809,06073,Urban,6056,0,0
06073016810,06073,Urban,2733,1,0
06073016811,06073,Urban,4677,0,0
06073016812,06073,Urban,3463,1,1
06073016813,06073,Urban,3441,1,0
06073016901,06073,Urban,7217,1,0
06073016902,06073,Rural,2562,0,0
06073017006,06073,Urban,2924,1,0
06073017009,06073,Urban,4482,1,1
06073017010,06073,Rural,3110,0,0
06073017014,06073,Urban,2493,0,0
06073017018,06073,Urban,3727,1,0
06073017020,06073,Urban,3986,1,0
06073017021,06073,Rural,3182,0,0
06073017022,06073,Urban,5665,1,0
06073017031,06073,Urban,4003,0,0
06073017033,06073,Rural,5608,0,0
06073017034,06073,Urban,4893,1,0
06073017035,06073,Urban,3319,0,0
06073017036,06073,Urban,3352,0,0
06073017037,06073,Urban,5876,1,0
06073017039,06073,Urban,6915,1,0
06073017040,06073,Urban,4277,1,0
06073017041,06073,Urban,6111,1,0
06073017043,06073,Urban,5891,1,0
06073017044,06073,Urban,5638,1,0
06073017045,06073,Urban,2703,1,0
06073017046,06073,Urban,3727,1,0
06073017047,06073,Urban,3996,1,0
06073017048,06073,Urban,6627,0,0
06073017049,06073,Urban,3033,0,0
06073017050,06073,Urban,3011,0,0
06073017051,06073,Urban,4669,0,0
06073017052,06073,Urban,5137,1,0
06073017053,06073,Urban,3406,1,0
06073017054,06073,Urban,5654,1,0
06073017055,06073,Urban,5125,1,0
06073017056,06073,Urban,4426,0,0
06073017057,06073,Urban,3763,1,0
06073017058,06073,Urban,4048,1,0
06073017059,06073,Urban,3609,1,0
06073017060,06073,Urban,2728,1,0
06073017061,06073,Urban,3838,1,0
06073017062,06073,Urban,5489,1,0
06073017063,06073,Urban,4659,0,0
06073017064,06073,Urban,7844,1,0
06073017065,06073,Urban,9344,1,0
06073017066,06073,Rural,5989,0,0
06073017067,06073,Urban,3213,1,0
06073017068,06073,Urban,4778,0,0
06073017069,06073,Urban,2544,1,0
06073017070,06073,Urban,6376,1,0
06073017071,06073,Urban,5073,1,0
06073017104,06073,Urban,4014,0,0
06073017106,06073,Urban,5100,1,0
06073017107,06073,Urban,2858,1,0
06073017108,06073,Urban,4717,0,0
06073017109,06073,Urban,6845,1,0
06073017111,06073,Urban,4415,1,0
06073017112,06073,Rural,2602,0,0
06073017113,06073,Urban,5381,1,0
06073017201,06073,Urban,1905,1,0
06073017202,06073,Urban,2035,1,0
06073017303,06073,Urban,3033,0,0
06073017305,06073,Urban,3100,1,0
06073017306,06073,Urban,2855,1,0
06073017307,06073,Urban,2264,0,0
06073017308,06073,Urban,3178,0,0
06073017403,06073,Urban,4998,1,0
06073017405,06073,Urban,3604,0,0
06073017406,06073,Urban,3135,1,0
06073017407,06073,Urban,3080,0,0
06073017408,06073,Urban,2684,0,0
06073017501,06073,Urban,2755,0,0
06073017502,06073,Urban,3674,0,0
06073017601,06073,Urban,5511,1,0
06073017603,06073,Urban,2498,0,0
06073017605,06073,Urban,3692,1,0
06073017606,06073,Urban,3988,0,0
06073017701,06073,Urban,5379,0,0
06073017702,06073,Urban,2923,0,0
06073017801,06073,Urban,7000,1,0
06073017808,06073,Urban,6166,1,0
06073017809,06073,Urban,2324,1,0
06073017810,06073,Urban,5067,1,0
06073017811,06073,Urban,6806,1,0
06073017813,06073,Urban,4370,1,0
06073017901,06073,Urban,3767,0,0
06073017902,06073,Urban,2883,0,0
06073018000,06073,Urban,3089,0,0
06073018101,06073,Urban,3474,0,0
06073018102,06073,Urban,2544,0,0
06073018201,06073,Urban,2942,0,0
06073018202,06073,Urban,3122,0,0
06073018301,06073,Urban,1008,0,0
06073018302,06073,Urban,1335,0,0
06073018400,06073,Urban,3561,0,0
06073018504,06073,Urban,6797,0,0
06073018509,06073,Urban,4974,0,0
06073018510,06073,Urban,3419,0,0
06073018511,06073,Urban,4959,0,0
06073018512,06073,Urban,3647,1,0
06073018515,06073,Urban,5064,1,0
06073018516,06073,Urban,3940,1,0
06073018517,06073,Urban,3996,1,0
06073018518,06073,Urban,3132,0,0
06073018519,06073,Urban,5575,0,0
06073018520,06073,Urban,5540,0,0
06073018521,06073,Urban,4888,0,0
06073018522,06073,Urban,5371,1,0
06073018523,06073,Urban,5116,1,0
06073018524,06073,Urban,3642,1,0
06073018525,06073,Urban,4395,1,0
06073018601,06073,Urban,4622,1,0
06073018608,06073,Urban,3103,1,0
06073018609,06073,Urban,6286,1,1
06073018612,06073,Urban,4098,1,0
06073018613,06073,Urban,4117,1,1
06073018615,06073,Urban,2814,0,0
06073018616,06073,Urban,3724,0,0
06073018617,06073,Urban,3561,1,0
06073018618,06073,Urban,3969,1,1
06073018619,06073,Rural,6194,0,0
06073018620,06073,Urban,2718,0,0
06073018621,06073,Urban,1640,0,0
06073018622,06073,Urban,5130,0,0
06073018700,06073,Rural,37892,0,0
06073018801,06073,Urban,3808,1,0
06073018803,06073,Rural,5056,0,0
06073018804,06073,Urban,5536,1,0
06073018805,06073,Rural,3572,0,0
06073018903,06073,Urban,5161,1,1
06073018904,06073,Urban,6316,1,1
06073018905,06073,Urban,6764,1,0
06073018906,06073,Urban,6298,1,1
06073019001,06073,Urban,6395,1,0
06073019002,06073,Rural,3581,0,0
06073019103,06073,Rural,7046,0,0
06073019105,06073,Urban,6920,1,0
06073019107,06073,Rural,2470,0,0
06073019108,06073,Rural,3072,0,0
06073019109,06073,Rural,4793,0,0
06073019110,06073,Rural,5438,0,0
06073019111,06073,Rural,4417,0,0
06073019203,06073,Urban,2952,1,0
06073019205,06073,Urban,6472,0,0
06073019206,06073,Urban,5586,0,0
06073019208,06073,Urban,3564,1,0
06073019209,06073,Urban,3270,1,0
06073019210,06073,Urban,5882,1,1
06073019301,06073,Urban,6651,1,0
06073019303,06073,Urban,8025,1,0
06073019304,06073,Urban,3548,1,0
06073019305,06073,Urban,3983,1,1
06073019403,06073,Urban,6489,1,0
06073019404,06073,Urban,3697,0,0
06073019405,06073,Urban,3813,0,0
06073019406,06073,Urban,4959,0,0
06073019501,06073,Urban,3831,0,0
06073019502,06073,Urban,5492,0,0
06073019503,06073,Urban,5032,0,0
06073019601,06073,Urban,6622,1,0
06073019602,06073,Urban,5438,1,0
06073019701,06073,Urban,7022,1,0
06073019702,06073,Urban,5069,0,0
06073019803,06073,Urban,5937,1,0
06073019804,06073,Urban,4567,1,0
06073019805,06073,Urban,4138,0,0
06073019808,06073,Urban,4853,1,0
06073019809,06073,Urban,4096,1,0
06073019810,06073,Urban,6412,1,0
06073019811,06073,Urban,7330,1,0
06073019902,06073,Urban,4211,0,0
06073019903,06073,Urban,4718,1,0
06073019904,06073,Urban,6865,1,0
06073019905,06073,Urban,4326,1,0
06073020015,06073,Urban,5171,1,0
06073020017,06073,Urban,3187,1,1
06073020019,06073,Urban,6728,0,0
06073020021,06073,Urban,6034,1,1
06073020023,06073,Urban,4734,0,0
06073020024,06073,Urban,4129,0,0
06073020025,06073,Urban,5021,0,0
06073020026,06073,Urban,4345,1,0
06073020028,06073,Urban,3690,0,0
06073020029,06073,Urban,6854,0,0
06073020030,06073,Urban,7193,1,0
06073020031,06073,Urban,6659,1,0
06073020032,06073,Urban,3649,1,0
06073020033,06073,Urban,3720,1,0
06073020034,06073,Urban,2737,1,0
06073020035,06073,Urban,6858,1,0
06073020036,06073,Urban,3613,0,0
06073020037,06073,Urban,4331,0,0
06073020038,06073,Urban,5773,1,0
06073020039,06073,Urban,2226,1,0
06073020040,06073,Urban,4299,1,0
06073020041,06073,Urban,3028,1,1
06073020042,06073,Urban,3794,1,0
06073020043,06073,Urban,6475,1,0
06073020044,06073,Urban,8509,1,0
06073020105,06073,Urban,4122,0,0
06073020106,06073,Urban,3852,1,0
06073020107,06073,Urban,4248,1,0
06073020108,06073,Urban,5901,0,0
06073020109,06073,Urban,5178,0,0
06073020110,06073,Rural,7812,0,0
06073020111,06073,Urban,4128,1,0
06073020202,06073,Urban,6955,0,0
06073020206,06073,Urban,5009,0,0
06073020207,06073,Urban,5183,0,0
06073020208,06073,Urban,2615,0,0
06073020209,06073,Urban,4882,0,0
06073020210,06073,Urban,5105,0,0
06073020211,06073,Urban,6918,0,0
06073020213,06073,Urban,3674,0,0
06073020214,06073,Urban,5808,0,0
06073020304,06073,Urban,6641,1,0
06073020305,06073,Urban,6124,0,0
06073020308,06073,Urban,5981,0,0
06073020309,06073,Urban,4093,0,0
06073020310,06073,Urban,8703,1,0
06073020311,06073,Rural,3600,0,0
06073020312,06073,Urban,4487,1,0
06073020313,06073,Urban,3012,1,0
06073020401,06073,Urban,2373,1,0
06073020403,06073,Urban,4220,0,0
06073020404,06073,Urban,5426,1,0
06073020405,06073,Urban,3685,1,0
06073020500,06073,Urban,4952,0,0
06073020601,06073,Urban,5715,0,0
06073020602,06073,Urban,5970,0,0
06073020705,06073,Urban,4861,1,0
06073020706,06073,Urban,6656,1,0
06073020707,06073,Urban,5077,0,0
06073020708,06073,Urban,3728,1,0
06073020710,06073,Rural,1798,0,0
06073020711,06073,Urban,3593,1,0
06073020712,06073,Urban,4856,1,0
06073020801,06073,Rural,5295,0,0
06073020805,06073,Urban,3674,1,0
06073020806,06073,Urban,6158,1,1
06073020807,06073,Rural,3070,0,0
06073020810,06073,Urban,5349,1,0
06073020811,06073,Rural,5923,0,0
06073020812,06073,Urban,2003,1,1
06073020813,06073,Urban,4983,1,0
06073020902,06073,Rural,2306,0,0
06073020903,06073,Rural,3030,1,0
06073020904,06073,Rural,3266,0,0
06073021001,06073,Rural,2085,0,0
06073021002,06073,Rural,1946,0,0
06073021101,06073,Rural,5310,0,0
06073021102,06073,Rural,2613,0,0
06073021202,06073,Rural,3073,0,0
06073021204,06073,Urban,5491,1,0
06073021205,06073,Urban,7029,1,0
06073021206,06073,Urban,3039,1,0
06073021302,06073,Rural,7237,0,0
06073021304,06073,Rural,2709,0,0
06073021305,06073,Urban,4389,1,0
06073021306,06073,Rural,5762,0,0
06073021401,06073,Urban,4383,0,0
06073021402,06073,Urban,2793,0,0
06073021501,06073,Urban,3882,1,0
06073021502,06073,Urban,9851,1,0
06073021600,06073,Urban,3584,1,0
06073021800,06073,Urban,1980,0,0
06073021900,06073,Urban,2625,0,0
06073022000,06073,Urban,4526,0,0
06073022101,06073,Urban,2631,1,0
06073022102,06073,Urban,7024,1,0
06075010101,06075,Urban,2026,0,0
06075010102,06075,Urban,2000,0,0
06075010201,06075,Urban,2468,0,0
06075010202,06075,Urban,2074,0,0
06075010300,06075,Urban,4062,0,0
06075010401,06075,Urban,2214,0,0
06075010402,06075,Urban,2293,0,0
06075010500,06075,Urban,3234,0,0
06075010600,06075,Urban,3718,0,0
06075010701,06075,Urban,3721,0,0
06075010702,06075,Urban,1626,0,0
06075010800,06075,Urban,4573,0,0
06075010901,06075,Urban,2338,0,0
06075010902,06075,Urban,2332,0,0
06075011001,06075,Urban,3079,0,0
06075011002,06075,Urban,2363,0,0
06075011101,06075,Urban,3143,0,0
06075011102,06075,Urban,2504,0,0
06075011200,06075,Urban,3441,0,0
06075011300,06075,Urban,3068,0,0
06075011700,06075,Urban,1905,0,0
06075011800,06075,Urban,1589,0,0
06075011901,06075,Urban,2275,0,0
06075011902,06075,Urban,2738,0,0
06075012001,06075,Urban,2002,0,0
06075012002,06075,Urban,2267,0,0
06075012100,06075,Urban,3455,0,0
06075012202,06075,Urban,2490,0,0
06075012203,06075,Urban,1931,0,0
06075012204,06075,Urban,2570,0,0
06075012301,06075,Urban,3088,0,0
06075012302,06075,Urban,2875,0,0
06075012403,06075,Urban,2157,0,0
06075012404,06075,Urban,3849,0,0
06075012405,06075,Urban,4152,0,0
06075012406,06075,Urban,1936,0,0
06075012502,06075,Urban,4482,0,0
06075012503,06075,Urban,4260,0,0
06075012504,06075,Urban,2277,0,0
06075012601,06075,Urban,2577,0,0
06075012602,06075,Urban,3058,0,0
06075012700,06075,Urban,3769,0,0
06075012801,06075,Urban,2742,0,0
06075012802,06075,Urban,1901,0,0
06075012901,06075,Urban,2853,0,0
06075012902,06075,Urban,3667,0,0
06075013001,06075,Urban,2405,0,0
06075013002,06075,Urban,2144,0,0
06075013101,06075,Urban,4197,0,0
06075013102,06075,Urban,2938,0,0
06075013200,06075,Urban,4464,0,0
06075013300,06075,Urban,4344,0,0
06075013401,06075,Urban,1623,0,0
06075013402,06075,Urban,2253,0,0
06075013500,06075,Urban,2912,0,0
06075015100,06075,Urban,3104,0,0
06075015201,06075,Urban,1888,0,0
06075015202,06075,Urban,2286,0,0
06075015300,06075,Urban,2387,0,0
06075015401,06075,Urban,3659,0,0
06075015402,06075,Urban,2541,0,0
06075015500,06075,Urban,3899,0,0
06075015600,06075,Urban,3274,0,0
06075015701,06075,Urban,4882,0,0
06075015702,06075,Urban,3220,0,0
06075015801,06075,Urban,3869,0,0
06075015802,06075,Urban,3116,0,0
06075015900,06075,Urban,4630,0,0
06075016000,06075,Urban,2969,0,0
06075016101,06075,Urban,2780,0,0
06075016102,06075,Urban,2880,0,0
06075016200,06075,Urban,3672,0,0
06075016300,06075,Urban,4296,0,0
06075016400,06075,Urban,3920,0,0
06075016500,06075,Urban,5171,0,0
06075016601,06075,Urban,3133,0,0
06075016602,06075,Urban,2350,0,0
06075016700,06075,Urban,4835,0,0
06075016801,06075,Urban,4282,0,0
06075016802,06075,Urban,3928,0,0
06075016900,06075,Urban,3425,0,0
06075017000,06075,Urban,4088,0,0
06075017101,06075,Urban,3766,0,0
06075017102,06075,Urban,3798,0,0
06075017602,06075,Urban,3649,0,0
06075017603,06075,Urban,5518,0,0
06075017604,06075,Urban,4008,0,0
06075017700,06075,Urban,2841,0,0
06075017801,06075,Urban,3567,0,0
06075017803,06075,Urban,2254,0,0
06075017804,06075,Urban,4752,0,0
06075017903,06075,Urban,2747,1,1
06075018000,06075,Urban,4758,0,0
06075020101,06075,Urban,3841,0,0
06075020102,06075,Urban,3081,0,0
06075020201,06075,Urban,2494,0,0
06075020202,06075,Urban,3914,0,0
06075020300,06075,Urban,3624,0,0
06075020401,06075,Urban,3235,0,0
06075020402,06075,Urban,4547,0,0
06075020500,06075,Urban,2663,0,0
06075020601,06075,Urban,2906,0,0
06075020602,06075,Urban,2272,0,0
06075020701,06075,Urban,2987,0,0
06075020702,06075,Urban,2520,0,0
06075020801,06075,Urban,3618,0,0
06075020802,06075,Urban,3143,0,0
06075020900,06075,Urban,4296,0,0
06075021000,06075,Urban,4213,0,0
06075021100,06075,Urban,4111,0,0
06075021200,06075,Urban,3015,0,0
06075021300,06075,Urban,2652,0,0
06075021400,06075,Urban,3404,0,0
06075021500,06075,Urban,5237,0,0
06075021600,06075,Urban,4403,0,0
06075021700,06075,Urban,4222,0,0
06075021800,06075,Urban,4091,0,0
06075022600,06075,Urban,5001,0,0
06075022702,06075,Urban,2194,0,0
06075022704,06075,Urban,3734,0,0
06075022801,06075,Urban,4956,0,0
06075022802,06075,Urban,1975,0,0
06075022803,06075,Urban,4380,0,0
06075022901,06075,Urban,4275,0,0
06075022902,06075,Urban,2283,0,0
06075022903,06075,Urban,3007,0,0
06075023001,06075,Urban,5412,0,0
06075023003,06075,Urban,4143,0,0
06075023102,06075,Urban,3377,0,0
06075023103,06075,Urban,4901,1,1
06075023200,06075,Urban,4987,0,0
06075023300,06075,Urban,4369,0,0
06075023400,06075,Urban,4110,0,0
06075025100,06075,Urban,3364,0,0
06075025200,06075,Urban,5164,0,0
06075025300,06075,Urban,4412,0,0
06075025401,06075,Urban,3331,0,0
06075025402,06075,Urban,2869,0,0
06075025403,06075,Urban,4430,0,0
06075025501,06075,Urban,3606,0,0
06075025502,06075,Urban,4354,0,0
06075025600,06075,Urban,5482,0,0
06075025701,06075,Urban,4716,0,0
06075025702,06075,Urban,4551,0,0
06075025800,06075,Urban,2030,0,0
06075025900,06075,Urban,4537,0,0
06075026001,06075,Urban,5553,0,0
06075026002,06075,Urban,3282,0,0
06075026003,06075,Urban,4890,0,0
06075026004,06075,Urban,4162,0,0
06075026100,06075,Urban,6890,0,0
06075026201,06075,Urban,4174,0,0
06075026202,06075,Urban,3323,0,0
06075026301,06075,Urban,4761,0,0
06075026302,06075,Urban,4760,0,0
06075026303,06075,Urban,4632,0,0
06075026401,06075,Urban,3954,0,0
06075026402,06075,Urban,4174,0,0
06075026403,06075,Urban,4050,0,0
06075026404,06075,Urban,3100,0,0
06075030101,06075,Urban,4592,0,0
06075030102,06075,Urban,5500,0,0
06075030201,06075,Urban,3988,0,0
06075030202,06075,Urban,4507,0,0
06075030301,06075,Urban,6076,0,0
06075030302,06075,Urban,3670,0,0
06075030400,06075,Urban,5269,0,0
06075030500,06075,Urban,3220,0,0
06075030600,06075,Urban,2343,0,0
06075030700,06075,Urban,6859,0,0
06075030800,06075,Urban,5898,0,0
06075030900,06075,Urban,6707,0,0
06075031000,06075,Urban,4192,0,0
06075031100,06075,Urban,6305,0,0
06075031201,06075,Urban,6064,0,0
06075031202,06075,Urban,3051,0,0
06075031301,06075,Urban,3786,0,0
06075031302,06075,Urban,5673,0,0
06075031401,06075,Urban,2942,0,0
06075031402,06075,Urban,4287,0,0
06075032601,06075,Urban,4412,0,0
06075032602,06075,Urban,4289,0,0
06075032700,06075,Urban,6472,0,0
06075032801,06075,Urban,4234,0,0
06075032802,06075,Urban,4097,0,0
06075032901,06075,Urban,5015,0,0
06075032902,06075,Urban,3850,0,0
06075033001,06075,Urban,3893,0,0
06075033002,06075,Urban,4021,0,0
06075033100,06075,Urban,4025,0,0
06075033201,06075,Urban,1729,0,0
06075033203,06075,Urban,4003,0,0
06075033204,06075,Urban,3839,0,0
06075035101,06075,Urban,3551,0,0
06075035102,06075,Urban,4252,0,0
06075035201,06075,Urban,5288,0,0
06075035202,06075,Urban,4353,0,0
06075035300,06075,Urban,7360,0,0
06075035400,06075,Urban,6696,0,0
06075040100,06075,Urban,4417,0,0
06075040200,06075,Urban,5539,0,0
06075042601,06075,Urban,3917,0,0
06075042602,06075,Urban,3469,0,0
06075042700,06075,Urban,5496,0,0
06075042800,06075,Urban,2433,0,0
06075045100,06075,Urban,5048,0,0
06075045201,06075,Urban,3368,0,0
06075045202,06075,Urban,3405,0,0
06075047600,06075,Urban,5302,0,0
06075047701,06075,Urban,4435,0,0
06075047702,06075,Urban,3823,0,0
06075047801,06075,Urban,4140,0,0
06075047802,06075,Urban,3786,0,0
06075047902,06075,Urban,3691,0,0
06075047903,06075,Urban,3782,0,0
06075047904,06075,Urban,3026,0,0
06075060100,06075,Urban,3690,0,0
06075060400,06075,Urban,2325,1,0
06075060502,06075,Urban,3214,0,0
06075060701,06075,Urban,8610,0,0
06075060702,06075,Urban,3142,0,0
06075060703,06075,Urban,5680,0,0
06075061000,06075,Urban,5044,0,0
06075061101,06075,Urban,2008,0,0
06075061102,06075,Urban,2443,0,0
06075061200,06075,Urban,4166,0,0
06075061401,06075,Urban,3336,0,0
06075061402,06075,Urban,2545,0,0
06075061501,06075,Urban,2106,0,0
06075061502,06075,Urban,2454,0,0
06075061503,06075,Urban,4039,0,0
06075061504,06075,Urban,2246,0,0
06075061505,06075,Urban,1051,0,0
06075061506,06075,Urban,4452,0,0
06075061507,06075,Urban,1738,0,0
06075061508,06075,Urban,2507,0,0
06075980200,06075,Urban,79,0,0
06075980300,06075,Urban,284,0,0
06075980401,06075,Rural,0,,0
06075980501,06075,Urban,125,0,0
06075980600,06075,Urban,1340,1,0
06075980900,06075,Urban,1248,0,0
06077000101,06077,Urban,2220,0,0
06077000102,06077,Urban,2678,0,0
06077000300,06077,Urban,2938,0,0
06077000401,06077,Urban,3351,0,0
06077000402,06077,Urban,4640,0,0
06077000500,06077,Urban,3071,0,0
06077000600,06077,Urban,2305,0,0
06077000700,06077,Urban,5939,0,0
06077000802,06077,Urban,2030,1,1
06077000803,06077,Urban,5242,0,0
06077000900,06077,Urban,6351,0,0
06077001000,06077,Urban,5632,1,0
06077001101,06077,Urban,5400,0,0
06077001102,06077,Urban,5343,0,0
06077001200,06077,Urban,5750,0,0
06077001300,06077,Urban,5350,0,0
06077001400,06077,Urban,5015,0,0
06077001501,06077,Urban,4887,0,0
06077001502,06077,Urban,4596,0,0
06077001600,06077,Urban,2522,0,0
06077001700,06077,Urban,4026,0,0
06077001800,06077,Urban,4036,0,0
06077001900,06077,Urban,5782,0,0
06077002000,06077,Urban,4068,0,0
06077002100,06077,Urban,5996,0,0
06077002201,06077,Urban,3169,0,0
06077002202,06077,Urban,5693,0,0
06077002300,06077,Urban,5285,0,0
06077002401,06077,Urban,5226,0,0
06077002402,06077,Urban,2284,0,0
06077002503,06077,Urban,2440,0,0
06077002504,06077,Urban,4156,0,0
06077002701,06077,Urban,7161,0,0
06077002702,06077,Urban,4237,0,0
06077002800,06077,Urban,6992,1,1
06077003106,06077,Urban,3862,1,0
06077003108,06077,Urban,4653,1,1
06077003109,06077,Urban,5961,0,0
06077003110,06077,Urban,4175,0,0
06077003111,06077,Urban,4253,0,0
06077003112,06077,Urban,3183,0,0
06077003115,06077,Urban,3543,0,0
06077003116,06077,Urban,3011,0,0
06077003117,06077,Urban,3607,1,0
06077003118,06077,Urban,2923,1,0
06077003119,06077,Urban,3751,1,0
06077003203,06077,Urban,3882,0,0
06077003205,06077,Urban,4016,0,0
06077003209,06077,Urban,3964,0,0
06077003210,06077,Urban,3025,1,0
06077003213,06077,Urban,5007,1,1
06077003214,06077,Urban,3221,1,0
06077003215,06077,Rural,4074,0,0
06077003216,06077,Urban,3046,0,0
06077003217,06077,Urban,3399,0,0
06077003218,06077,Urban,3666,0,0
06077003219,06077,Urban,9976,1,0
06077003305,06077,Urban,4275,0,0
06077003306,06077,Urban,4444,0,0
06077003307,06077,Urban,5262,0,0
06077003308,06077,Urban,1665,0,0
06077003310,06077,Urban,4678,0,0
06077003311,06077,Urban,3812,0,0
06077003312,06077,Urban,3450,0,0
06077003313,06077,Urban,3356,0,0
06077003403,06077,Urban,5064,1,1
06077003404,06077,Urban,5849,1,1
06077003405,06077,Urban,4216,0,0
06077003406,06077,Urban,3769,0,0
06077003407,06077,Urban,3083,0,0
06077003409,06077,Urban,4638,0,0
06077003410,06077,Urban,6188,0,0
06077003501,06077,Urban,2837,1,0
06077003502,06077,Rural,3140,0,0
06077003503,06077,Urban,9397,1,0
06077003504,06077,Urban,8310,1,0
06077003601,06077,Rural,3519,0,0
06077003602,06077,Rural,3274,0,0
06077003700,06077,Urban,3845,1,1
06077003803,06077,Urban,5968,1,0
06077003804,06077,Urban,6409,1,0
06077003805,06077,Urban,3366,1,0
06077003806,06077,Urban,3772,1,0
06077003807,06077,Urban,2256,0,0
06077003808,06077,Urban,4791,1,0
06077003900,06077,Rural,1494,0,0
06077004001,06077,Rural,2484,0,0
06077004003,06077,Urban,5433,1,0
06077004004,06077,Urban,6185,1,0
06077004104,06077,Urban,4123,0,0
06077004105,06077,Urban,4973,1,0
06077004106,06077,Rural,1969,0,0
06077004107,06077,Urban,3604,1,0
06077004108,06077,Rural,8480,0,0
06077004202,06077,Urban,1707,0,0
06077004203,06077,Urban,4009,0,0
06077004204,06077,Urban,2986,0,0
06077004205,06077,Urban,3476,0,0
06077004206,06077,Urban,3231,0,0
06077004302,06077,Urban,6122,0,0
06077004305,06077,Urban,5898,1,0
06077004307,06077,Urban,3984,0,0
06077004308,06077,Urban,3968,0,0
06077004309,06077,Urban,2437,0,0
06077004310,06077,Urban,2549,0,0
06077004402,06077,Urban,5599,0,0
06077004403,06077,Urban,4108,0,0
06077004404,06077,Urban,3869,0,0
06077004501,06077,Urban,2422,0,0
06077004502,06077,Urban,4160,0,0
06077004600,06077,Rural,6099,0,0
06077004701,06077,Rural,2815,0,0
06077004703,06077,Rural,3744,0,0
06077004704,06077,Rural,5013,0,0
06077004800,06077,Rural,5509,0,0
06077004903,06077,Urban,2679,1,0
06077004904,06077,Urban,4916,0,0
06077004905,06077,Rural,3177,0,0
06077004906,06077,Rural,2941,0,0
06077005001,06077,Urban,5781,0,0
06077005003,06077,Rural,6555,0,0
06077005004,06077,Urban,5959,1,0
06077005106,06077,Rural,12643,0,0
06077005108,06077,Urban,4582,0,0
06077005109,06077,Urban,3996,0,0
06077005119,06077,Urban,9931,1,0
06077005122,06077,Urban,7036,1,0
06077005123,06077,Urban,4676,0,0
06077005124,06077,Urban,3725,0,0
06077005125,06077,Urban,1899,0,0
06077005126,06077,Urban,4294,0,0
06077005127,06077,Urban,6129,1,0
06077005129,06077,Urban,3857,0,0
06077005130,06077,Urban,3275,0,0
06077005131,06077,Rural,7255,0,0
06077005132,06077,Urban,3295,0,0
06077005133,06077,Urban,4319,0,0
06077005134,06077,Urban,4783,0,0
06077005135,06077,Urban,8680,1,0
06077005136,06077,Urban,3210,0,0
06077005137,06077,Urban,7717,1,0
06077005138,06077,Urban,2968,0,0
06077005139,06077,Urban,3580,1,0
06077005140,06077,Urban,3748,0,0
06077005141,06077,Urban,3085,0,0
06077005208,06077,Urban,6267,0,0
06077005211,06077,Urban,5476,1,0
06077005212,06077,Urban,7169,1,0
06077005213,06077,Urban,3656,1,0
06077005214,06077,Rural,9131,0,0
06077005215,06077,Urban,4299,1,0
06077005216,06077,Urban,5138,1,0
06077005217,06077,Urban,3327,0,0
06077005218,06077,Urban,4117,0,0
06077005219,06077,Urban,5164,0,0
06077005220,06077,Urban,2547,1,0
06077005221,06077,Urban,9532,1,0
06077005222,06077,Urban,4712,1,0
06077005223,06077,Urban,10774,1,0
06077005224,06077,Urban,4902,0,0
06077005225,06077,Rural,3419,0,0
06077005303,06077,Urban,4966,0,0
06077005307,06077,Urban,3294,0,0
06077005308,06077,Urban,4391,0,0
06077005309,06077,Urban,3283,0,0
06077005310,06077,Urban,4003,0,0
06077005311,06077,Urban,3056,0,0
06077005312,06077,Urban,3615,0,0
06077005403,06077,Urban,6046,1,0
06077005405,06077,Urban,3644,0,0
06077005406,06077,Urban,3428,0,0
06077005502,06077,Rural,2312,0,0
06077005503,06077,Rural,1878,0,0
06077980000,06077,Rural,1904,0,0
06079010016,06079,Rural,5643,0,0
06079010017,06079,Rural,3618,1,0
06079010101,06079,Rural,1672,0,0
06079010103,06079,Urban,3621,0,0
06079010104,06079,Urban,3285,0,0
06079010202,06079,Urban,5499,1,0
06079010204,06079,Urban,6120,0,0
06079010205,06079,Urban,4470,0,0
06079010206,06079,Urban,4001,1,0
06079010207,06079,Rural,4256,0,0
06079010301,06079,Rural,3949,1,0
06079010302,06079,Rural,3394,0,0
06079010303,06079,Rural,3241,0,0
06079010403,06079,Urban,3466,1,0
06079010404,06079,Urban,2219,1,0
06079010504,06079,Urban,2505,1,0
06079010505,06079,Urban,3280,0,0
06079010506,06079,Urban,2338,0,0
06079010602,06079,Urban,3956,0,0
06079010603,06079,Urban,1407,0,0
06079010701,06079,Urban,4717,0,0
06079010703,06079,Urban,3497,0,0
06079010707,06079,Urban,5874,1,0
06079010902,06079,Urban,3726,0,0
06079010903,06079,Urban,7459,0,0
06079010904,06079,Urban,3284,1,0
06079011001,06079,Urban,5603,0,0
06079011002,06079,Urban,2933,0,0
06079011101,06079,Urban,3666,0,0
06079011103,06079,Urban,3522,1,0
06079011104,06079,Urban,2063,0,0
06079011105,06079,Urban,3534,0,0
06079011201,06079,Urban,4276,1,1
06079011202,06079,Urban,3502,0,0
06079011300,06079,Urban,7850,1,0
06079011400,06079,Rural,3806,0,0
06079011501,06079,Urban,1788,0,0
06079011505,06079,Urban,4920,1,0
06079011600,06079,Rural,4334,0,0
06079011704,06079,Urban,3514,1,0
06079011705,06079,Urban,1462,0,0
06079011706,06079,Urban,3105,1,0
06079011800,06079,Urban,7510,1,0
06079011901,06079,Urban,3101,1,0
06079011903,06079,Urban,1725,0,0
06079011904,06079,Urban,7289,0,0
06079012001,06079,Urban,2549,0,0
06079012002,06079,Urban,4612,0,0
06079012102,06079,Urban,5482,0,0
06079012201,06079,Urban,3185,0,0
06079012202,06079,Urban,3785,0,0
06079012302,06079,Rural,5774,1,0
06079012305,06079,Rural,5987,0,0
06079012306,06079,Urban,4770,1,0
06079012403,06079,Urban,3903,1,0
06079012404,06079,Urban,6295,1,0
06079012405,06079,Urban,3303,1,0
06079012406,06079,Urban,3677,0,0
06079012502,06079,Urban,5201,1,1
06079012503,06079,Urban,6462,0,0
06079012505,06079,Urban,4971,1,0
06079012601,06079,Urban,6319,1,0
06079012602,06079,Urban,1760,1,0
06079012705,06079,Rural,6120,0,0
06079012706,06079,Rural,4233,0,0
06079012707,06079,Urban,4752,1,0
06079012708,06079,Rural,1074,1,1
06079013000,06079,Rural,2644,0,0
06079013100,06079,Rural,5566,1,0
06081600100,06081,Urban,5474,1,0
06081600200,06081,Urban,4368,0,0
06081600300,06081,Urban,4057,1,0
06081600401,06081,Urban,3263,0,0
06081600402,06081,Urban,4772,0,0
06081600501,06081,Urban,3900,0,0
06081600502,06081,Urban,3748,0,0
06081600600,06081,Urban,5464,0,0
06081600701,06081,Urban,4884,0,0
06081600702,06081,Urban,2958,0,0
06081600800,06081,Urban,7648,0,0
06081600900,06081,Urban,4039,0,0
06081601000,06081,Urban,6826,1,1
06081601100,06081,Urban,5917,0,0
06081601200,06081,Urban,6746,0,0
06081601301,06081,Urban,3982,0,0
06081601302,06081,Urban,4629,0,0
06081601400,06081,Urban,7129,0,0
06081601501,06081,Urban,5194,0,0
06081601502,06081,Urban,5479,0,0
06081601601,06081,Urban,2884,0,0
06081601603,06081,Urban,5923,0,0
06081601604,06081,Urban,2431,0,0
06081601605,06081,Urban,6157,0,0
06081601700,06081,Urban,4313,0,0
06081601800,06081,Urban,6366,0,0
06081601901,06081,Urban,4117,0,0
06081601902,06081,Urban,5841,0,0
06081602001,06081,Urban,4730,0,0
06081602002,06081,Urban,3233,1,0
06081602100,06081,Urban,3710,0,0
06081602201,06081,Urban,4929,0,0
06081602202,06081,Urban,3857,0,0
06081602300,06081,Urban,4238,0,0
06081602400,06081,Urban,6924,0,0
06081602500,06081,Urban,5156,0,0
06081602601,06081,Urban,4276,0,0
06081602602,06081,Urban,4034,0,0
06081602700,06081,Urban,6080,0,0
06081602800,06081,Urban,4639,1,0
06081602900,06081,Urban,3958,0,0
06081603000,06081,Urban,4597,0,0
06081603100,06081,Urban,3306,1,0
06081603200,06081,Urban,3966,0,0
06081603300,06081,Urban,6568,1,0
06081603400,06081,Urban,5561,1,0
06081603700,06081,Urban,5667,0,0
06081603801,06081,Urban,2291,0,0
06081603802,06081,Urban,5267,1,0
06081603900,06081,Urban,5590,1,0
06081604000,06081,Urban,3314,0,0
06081604102,06081,Urban,3565,0,0
06081604103,06081,Urban,4847,0,0
06081604104,06081,Urban,3267,0,0
06081604200,06081,Urban,4197,0,0
06081604400,06081,Urban,5287,0,0
06081604500,06081,Urban,3648,0,0
06081604600,06081,Urban,2808,1,0
06081604700,06081,Urban,2879,1,0
06081604800,06081,Urban,5207,0,0
06081604900,06081,Urban,3387,1,0
06081605000,06081,Urban,8603,1,0
06081605100,06081,Urban,3339,0,0
06081605200,06081,Urban,3816,1,0
06081605300,06081,Urban,5022,0,0
06081605400,06081,Urban,6364,0,0
06081605501,06081,Urban,2999,0,0
06081605502,06081,Urban,2479,0,0
06081605600,06081,Urban,5832,1,0
06081605700,06081,Urban,5563,1,0
06081605800,06081,Urban,2621,0,0
06081605901,06081,Urban,3267,0,0
06081605902,06081,Urban,2989,0,0
06081606000,06081,Urban,5242,0,0
06081606100,06081,Urban,4380,0,0
06081606201,06081,Urban,4083,0,0
06081606202,06081,Urban,3854,0,0
06081606300,06081,Urban,4159,0,0
06081606400,06081,Urban,5261,0,0
06081606500,06081,Urban,3713,1,0
06081606600,06081,Urban,3740,0,0
06081606700,06081,Urban,2617,0,0
06081606800,06081,Urban,3344,1,0
06081606900,06081,Urban,2446,1,0
06081607000,06081,Urban,3582,0,0
06081607100,06081,Urban,2967,1,0
06081607200,06081,Urban,4971,0,0
06081607300,06081,Urban,3642,0,0
06081607400,06081,Urban,4919,0,0
06081607500,06081,Urban,6613,0,0
06081607600,06081,Urban,4269,0,0
06081607701,06081,Urban,3998,0,0
06081607702,06081,Urban,2893,0,0
06081607800,06081,Urban,3198,0,0
06081607900,06081,Urban,3518,0,0
06081608001,06081,Urban,3534,0,0
06081608002,06081,Urban,3728,1,0
06081608013,06081,Urban,4188,1,0
06081608023,06081,Urban,2531,1,0
06081608024,06081,Urban,3025,0,0
06081608025,06081,Urban,5931,0,0
06081608100,06081,Urban,3645,0,0
06081608200,06081,Urban,3749,1,0
06081608300,06081,Urban,3474,0,0
06081608400,06081,Urban,5664,0,0
06081608501,06081,Urban,5013,0,0
06081608502,06081,Urban,2750,0,0
06081608600,06081,Urban,4729,0,0
06081608700,06081,Urban,7670,0,0
06081608800,06081,Urban,6179,1,0
06081608900,06081,Urban,7261,1,0
06081609000,06081,Urban,2808,0,0
06081609100,06081,Urban,1647,0,0
06081609201,06081,Urban,3902,0,0
06081609202,06081,Urban,4357,0,0
06081609300,06081,Urban,3499,0,0
06081609400,06081,Urban,3458,0,0
06081609500,06081,Urban,5161,1,0
06081609601,06081,Urban,3243,1,0
06081609602,06081,Urban,1818,1,0
06081609603,06081,Urban,5510,1,0
06081609700,06081,Urban,4462,1,0
06081609800,06081,Urban,4733,1,0
06081609900,06081,Urban,3068,0,0
06081610000,06081,Urban,4782,0,0
06081610100,06081,Urban,2489,0,0
06081610201,06081,Urban,5501,0,0
06081610202,06081,Urban,5118,0,0
06081610203,06081,Urban,3244,0,0
06081610302,06081,Urban,4796,1,1
06081610303,06081,Urban,8278,1,0
06081610304,06081,Urban,4503,1,0
06081610400,06081,Urban,5580,0,0
06081610500,06081,Urban,4737,0,0
06081610601,06081,Urban,5797,0,0
06081610602,06081,Urban,3403,0,0
06081610700,06081,Urban,5200,0,0
06081610800,06081,Urban,4664,0,0
06081610901,06081,Urban,3115,0,0
06081610902,06081,Urban,3631,0,0
06081611000,06081,Urban,5978,0,0
06081611100,06081,Urban,6423,1,0
06081611200,06081,Urban,3013,0,0
06081611300,06081,Urban,4891,0,0
06081611400,06081,Urban,4453,1,0
06081611500,06081,Urban,2735,1,0
06081611600,06081,Urban,2466,1,0
06081611700,06081,Urban,6437,1,0
06081611800,06081,Urban,4481,0,0
06081611901,06081,Urban,4465,0,0
06081611902,06081,Urban,6335,0,0
06081612001,06081,Urban,4120,0,0
06081612002,06081,Urban,3249,0,0
06081612101,06081,Urban,4174,0,0
06081612102,06081,Urban,4187,0,0
06081612500,06081,Urban,4728,0,0
06081612600,06081,Urban,4653,0,0
06081612700,06081,Urban,2291,1,0
06081612800,06081,Urban,3354,1,0
06081612900,06081,Urban,4728,1,0
06081613000,06081,Urban,3279,1,0
06081613200,06081,Urban,6846,1,0
06081613300,06081,Urban,2759,1,0
06081613400,06081,Rural,3134,0,0
06081613501,06081,Urban,4148,1,0
06081613502,06081,Urban,6047,1,0
06081613600,06081,Urban,6053,1,0
06081613701,06081,Urban,4312,1,0
06081613702,06081,Rural,4899,0,0
06081613800,06081,Rural,4299,1,0
06081613900,06081,Urban,5963,0,0
06081614000,06081,Urban,6172,1,0
06081984300,06081,Urban,0,,0
06083000101,06083,Urban,5922,1,0
06083000102,06083,Urban,5386,1,0
06083000103,06083,Rural,3477,0,0
06083000201,06083,Urban,2651,0,0
06083000202,06083,Urban,2423,0,0
06083000301,06083,Urban,2884,0,0
06083000302,06083,Urban,4136,0,0
06083000400,06083,Urban,4913,0,0
06083000501,06083,Urban,3328,1,0
06083000502,06083,Urban,5946,0,0
06083000600,06083,Urban,4817,1,0
06083000700,06083,Urban,6536,1,0
06083000801,06083,Urban,4021,0,0
06083000805,06083,Urban,1332,0,0
06083000806,06083,Urban,5689,0,0
06083000900,06083,Urban,3497,0,0
06083001001,06083,Urban,2665,0,0
06083001002,06083,Urban,3104,0,0
06083001101,06083,Urban,4422,0,0
06083001102,06083,Urban,4372,0,0
06083001203,06083,Urban,2834,1,0
06083001206,06083,Urban,4238,0,0
06083001208,06083,Urban,4276,0,0
06083001306,06083,Urban,3250,1,0
06083001307,06083,Urban,3867,1,0
06083001308,06083,Urban,3607,0,0
06083001403,06083,Urban,1483,1,0
06083001404,06083,Urban,1663,0,0
06083001500,06083,Urban,2834,1,0
06083001601,06083,Urban,5405,0,0
06083001604,06083,Urban,4833,0,0
06083001704,06083,Urban,3101,1,0
06083001706,06083,Rural,4569,0,0
06083001800,06083,Rural,1120,1,0
06083001905,06083,Rural,3172,0,0
06083001907,06083,Rural,940,0,0
06083001908,06083,Urban,5303,1,0
06083001909,06083,Urban,3914,1,0
06083001910,06083,Urban,2719,0,0
06083001911,06083,Rural,2813,0,0
06083001912,06083,Urban,5269,0,0
06083002005,06083,Urban,5396,1,0
06083002006,06083,Rural,2790,0,0
06083002008,06083,Urban,6580,1,0
06083002009,06083,Urban,4229,0,0
06083002010,06083,Urban,4583,1,0
06083002011,06083,Urban,5953,1,0
06083002012,06083,Urban,3209,0,0
06083002013,06083,Urban,2887,1,0
06083002014,06083,Urban,6335,0,0
06083002015,06083,Urban,4161,0,0
06083002101,06083,Urban,4754,0,0
06083002102,06083,Urban,2435,0,0
06083002103,06083,Urban,5044,0,0
06083002205,06083,Urban,5395,0,0
06083002206,06083,Urban,5358,0,0
06083002209,06083,Urban,3635,0,0
06083002210,06083,Urban,6401,0,0
06083002211,06083,Urban,6298,1,0
06083002303,06083,Urban,6535,0,0
06083002304,06083,Urban,6478,0,0
06083002307,06083,Urban,4994,1,0
06083002308,06083,Urban,3688,1,0
06083002309,06083,Urban,3849,0,0
06083002310,06083,Urban,3452,0,0
06083002405,06083,Urban,4373,0,0
06083002406,06083,Urban,3583,0,0
06083002407,06083,Urban,5039,0,0
06083002408,06083,Urban,2222,0,0
06083002409,06083,Urban,9707,0,0
06083002410,06083,Urban,6166,0,0
06083002503,06083,Rural,2317,0,0
06083002504,06083,Urban,6078,0,0
06083002703,06083,Urban,4222,0,0
06083002705,06083,Urban,4634,0,0
06083002706,06083,Urban,6222,0,0
06083002707,06083,Urban,2526,0,0
06083002708,06083,Urban,2665,0,0
06083002709,06083,Urban,3474,0,0
06083002710,06083,Urban,4365,0,0
06083002802,06083,Urban,7574,0,0
06083002806,06083,Urban,2878,1,0
06083002808,06083,Urban,7314,1,0
06083002809,06083,Rural,4992,0,0
06083002906,06083,Urban,3974,1,0
06083002907,06083,Urban,3883,1,0
06083002909,06083,Urban,5884,1,0
06083002913,06083,Urban,4090,1,0
06083002914,06083,Urban,3295,0,0
06083002924,06083,Urban,6055,0,0
06083002926,06083,Urban,5492,0,0
06083002932,06083,Rural,2449,0,0
06083002933,06083,Urban,6742,1,0
06083002934,06083,Urban,3620,1,0
06083002935,06083,Urban,3507,0,0
06083002936,06083,Urban,3953,0,0
06083002937,06083,Urban,3160,1,0
06083003001,06083,Urban,6243,1,0
06083003004,06083,Urban,4820,0,0
06083003005,06083,Urban,5020,0,0
06083003007,06083,Urban,3766,1,0
06083003102,06083,Rural,3337,0,0
06083980000,06083,Urban,15,1,0
06083980100,06083,Rural,3,1,1
06083980200,06083,Rural,3533,1,1
06083980300,06083,Urban,4909,1,1
06083980400,06083,Urban,2929,1,0
06083980500,06083,Rural,29,0,0
06085500100,06085,Urban,7969,0,0
06085500200,06085,Urban,5281,0,0
06085500300,06085,Urban,4765,0,0
06085500400,06085,Urban,2476,0,0
06085500500,06085,Urban,5506,0,0
06085500600,06085,Urban,5548,0,0
06085500800,06085,Urban,4669,0,0
06085500901,06085,Urban,4011,0,0
06085500902,06085,Urban,4957,0,0
06085501000,06085,Urban,5468,0,0
06085501101,06085,Urban,4305,0,0
06085501102,06085,Urban,4437,0,0
06085501200,06085,Urban,4129,0,0
06085501300,06085,Urban,3786,0,0
06085501401,06085,Urban,3496,0,0
06085501402,06085,Urban,2962,0,0
06085501501,06085,Urban,4392,0,0
06085501502,06085,Urban,4734,0,0
06085501601,06085,Urban,3728,0,0
06085501602,06085,Urban,3441,0,0
06085501700,06085,Urban,5155,0,0
06085501800,06085,Urban,4852,0,0
06085501901,06085,Urban,2918,0,0
06085501902,06085,Urban,4176,0,0
06085502001,06085,Urban,5010,0,0
06085502002,06085,Urban,5166,0,0
06085502101,06085,Urban,5101,0,0
06085502103,06085,Urban,4449,0,0
06085502104,06085,Urban,2645,0,0
06085502202,06085,Urban,3018,0,0
06085502203,06085,Urban,4118,0,0
06085502204,06085,Urban,3220,0,0
06085502301,06085,Urban,3338,0,0
06085502302,06085,Urban,2995,0,0
06085502400,06085,Urban,7235,0,0
06085502500,06085,Urban,6540,0,0
06085502601,06085,Urban,2831,0,0
06085502603,06085,Urban,2655,0,0
06085502604,06085,Urban,4494,0,0
06085502701,06085,Urban,5048,0,0
06085502703,06085,Urban,4744,0,0
06085502704,06085,Urban,4006,1,0
06085502800,06085,Urban,4422,0,0
06085502901,06085,Urban,6250,0,0
06085502902,06085,Urban,7864,0,0
06085502903,06085,Urban,5333,1,0
06085502906,06085,Urban,4848,0,0
06085502907,06085,Urban,3857,0,0
06085502908,06085,Urban,6951,0,0
06085502909,06085,Urban,5324,0,0
06085502910,06085,Urban,3908,0,0
06085503001,06085,Urban,4430,0,0
06085503002,06085,Urban,3611,0,0
06085503003,06085,Urban,5218,0,0
06085503105,06085,Urban,2417,0,0
06085503110,06085,Urban,4407,0,0
06085503111,06085,Urban,4739,0,0
06085503112,06085,Urban,4379,0,0
06085503113,06085,Urban,4604,0,0
06085503116,06085,Urban,5785,0,0
06085503117,06085,Urban,2911,0,0
06085503118,06085,Urban,5223,0,0
06085503121,06085,Urban,4767,0,0
06085503122,06085,Urban,4108,0,0
06085503123,06085,Urban,3889,0,0
06085503124,06085,Urban,4723,0,0
06085503125,06085,Urban,3680,0,0
06085503126,06085,Urban,3943,0,0
06085503127,06085,Urban,5065,1,0
06085503207,06085,Urban,4115,0,0
06085503208,06085,Urban,3737,0,0
06085503210,06085,Urban,4114,0,0
06085503211,06085,Urban,4731,0,0
06085503212,06085,Urban,4117,0,0
06085503213,06085,Urban,4769,0,0
06085503217,06085,Urban,4406,0,0
06085503218,06085,Urban,4359,0,0
06085503219,06085,Urban,2890,0,0
06085503220,06085,Urban,5635,0,0
06085503221,06085,Urban,2980,0,0
06085503222,06085,Urban,4691,0,0
06085503304,06085,Urban,6537,0,0
06085503305,06085,Urban,6333,0,0
06085503306,06085,Urban,4069,0,0
06085503312,06085,Urban,3562,1,0
06085503313,06085,Urban,4600,1,0
06085503315,06085,Urban,7722,0,0
06085503321,06085,Urban,4571,0,0
06085503322,06085,Urban,4310,1,1
06085503323,06085,Urban,4712,1,0
06085503324,06085,Urban,3577,0,0
06085503325,06085,Urban,4449,0,0
06085503326,06085,Urban,6625,1,0
06085503327,06085,Urban,4856,0,0
06085503329,06085,Urban,3953,0,0
06085503330,06085,Urban,7319,1,0
06085503331,06085,Urban,3273,0,0
06085503332,06085,Urban,5435,1,0
06085503333,06085,Urban,4714,1,0
06085503336,06085,Urban,3370,0,0
06085503337,06085,Urban,3851,0,0
06085503338,06085,Urban,4726,1,0
06085503339,06085,Urban,4047,1,0
06085503401,06085,Urban,4910,0,0
06085503402,06085,Urban,4843,0,0
06085503504,06085,Urban,5888,0,0
06085503506,06085,Urban,6180,0,0
06085503507,06085,Urban,2224,0,0
06085503508,06085,Urban,6172,0,0
06085503509,06085,Urban,3897,0,0
06085503510,06085,Urban,5901,0,0
06085503511,06085,Urban,3622,0,0
06085503601,06085,Urban,2993,0,0
06085503602,06085,Urban,4735,0,0
06085503703,06085,Urban,3927,0,0
06085503707,06085,Urban,5406,0,0
06085503708,06085,Urban,2686,0,0
06085503709,06085,Urban,6878,0,0
06085503710,06085,Urban,3836,0,0
06085503711,06085,Urban,4632,0,0
06085503712,06085,Urban,4217,0,0
06085503713,06085,Urban,3014,0,0
06085503802,06085,Urban,8208,0,0
06085503803,06085,Urban,4617,0,0
06085503804,06085,Urban,5700,0,0
06085503902,06085,Urban,6023,0,0
06085503903,06085,Urban,3289,0,0
06085504001,06085,Urban,6022,0,0
06085504002,06085,Urban,5908,0,0
06085504101,06085,Urban,4217,0,0
06085504102,06085,Urban,5818,1,1
06085504201,06085,Urban,5269,1,0
06085504202,06085,Rural,4896,0,0
06085504307,06085,Urban,5722,0,0
06085504308,06085,Urban,4613,1,0
06085504311,06085,Urban,8308,0,0
06085504314,06085,Urban,4745,0,0
06085504315,06085,Urban,6696,1,0
06085504316,06085,Urban,4902,0,0
06085504317,06085,Urban,4312,0,0
06085504318,06085,Urban,7427,0,0
06085504319,06085,Urban,7917,0,0
06085504320,06085,Urban,2866,1,0
06085504321,06085,Urban,5419,0,0
06085504322,06085,Urban,5505,0,0
06085504323,06085,Urban,5738,0,0
06085504410,06085,Urban,4282,0,0
06085504411,06085,Urban,5350,1,0
06085504412,06085,Urban,4703,0,0
06085504413,06085,Urban,1906,0,0
06085504414,06085,Urban,5059,0,0
06085504415,06085,Urban,5218,1,0
06085504416,06085,Urban,3758,0,0
06085504418,06085,Urban,4852,0,0
06085504421,06085,Urban,4804,0,0
06085504422,06085,Urban,3680,0,0
06085504423,06085,Urban,2307,1,0
06085504424,06085,Urban,4869,1,0
06085504505,06085,Urban,11204,0,0
06085504506,06085,Urban,6951,0,0
06085504507,06085,Urban,5973,0,0
06085504508,06085,Urban,3810,0,0
06085504509,06085,Urban,5600,0,0
06085504510,06085,Urban,4119,0,0
06085504601,06085,Urban,1031,0,0
06085504602,06085,Urban,2056,0,0
06085504700,06085,Urban,661,0,0
06085504802,06085,Urban,5393,1,1
06085504805,06085,Urban,7454,1,1
06085504806,06085,Urban,2776,0,0
06085504807,06085,Urban,6001,0,0
06085504808,06085,Urban,1623,1,0
06085504902,06085,Urban,4579,0,0
06085504903,06085,Urban,5353,0,0
06085505006,06085,Urban,11912,0,0
06085505007,06085,Urban,3760,0,0
06085505010,06085,Urban,4315,0,0
06085505011,06085,Urban,5413,1,0
06085505012,06085,Urban,2861,0,0
06085505013,06085,Urban,5705,0,0
06085505014,06085,Urban,6446,0,0
06085505015,06085,Urban,4580,0,0
06085505100,06085,Urban,4616,0,0
06085505202,06085,Urban,7715,0,0
06085505203,06085,Urban,5673,0,0
06085505301,06085,Urban,5484,0,0
06085505302,06085,Urban,4690,0,0
06085505303,06085,Urban,6127,0,0
06085505304,06085,Urban,3281,0,0
06085505305,06085,Urban,6114,0,0
06085505401,06085,Urban,6492,0,0
06085505402,06085,Urban,3090,0,0
06085505403,06085,Urban,8695,0,0
06085505500,06085,Urban,4217,0,0
06085505600,06085,Urban,4338,0,0
06085505700,06085,Urban,5738,0,0
06085505800,06085,Urban,4027,0,0
06085505901,06085,Urban,3794,0,0
06085505902,06085,Urban,3829,0,0
06085506000,06085,Urban,4938,0,0
06085506101,06085,Urban,4829,0,0
06085506102,06085,Urban,4574,0,0
06085506103,06085,Urban,5052,0,0
06085506202,06085,Urban,7512,0,0
06085506203,06085,Urban,7138,0,0
06085506204,06085,Urban,6423,0,0
06085506301,06085,Urban,5631,0,0
06085506302,06085,Urban,6210,0,0
06085506304,06085,Urban,5412,0,0
06085506305,06085,Urban,7257,0,0
06085506401,06085,Urban,5096,0,0
06085506402,06085,Urban,5719,0,0
06085506502,06085,Urban,4723,0,0
06085506503,06085,Urban,6802,0,0
06085506504,06085,Urban,2712,0,0
06085506505,06085,Urban,4788,0,0
06085506601,06085,Urban,4726,0,0
06085506603,06085,Urban,4084,0,0
06085506604,06085,Urban,7714,1,0
06085506605,06085,Urban,4320,0,0
06085506606,06085,Urban,4537,0,0
06085506701,06085,Urban,4093,1,0
06085506702,06085,Urban,5956,0,0
06085506703,06085,Urban,3937,1,0
06085506801,06085,Urban,6454,0,0
06085506802,06085,Urban,5533,0,0
06085506803,06085,Urban,7357,0,0
06085506804,06085,Urban,3936,0,0
06085506900,06085,Urban,8031,1,0
06085507002,06085,Urban,3012,1,0
06085507003,06085,Urban,2793,1,0
06085507004,06085,Urban,4154,0,0
06085507100,06085,Urban,3020,0,0
06085507203,06085,Urban,2891,1,0
06085507205,06085,Urban,4853,1,0
06085507206,06085,Urban,2928,1,0
06085507301,06085,Urban,6725,1,0
06085507302,06085,Urban,2883,1,0
06085507401,06085,Urban,5709,1,0
06085507402,06085,Urban,4091,1,0
06085507500,06085,Urban,5984,1,0
06085507600,06085,Urban,5815,1,0
06085507701,06085,Urban,4092,1,0
06085507702,06085,Urban,6107,1,0
06085507704,06085,Urban,3466,1,0
06085507705,06085,Urban,4560,1,0
06085507805,06085,Urban,5180,1,0
06085507806,06085,Urban,5824,1,0
06085507807,06085,Urban,3191,0,0
06085507808,06085,Urban,5674,1,0
06085507903,06085,Urban,4888,1,0
06085507904,06085,Urban,3404,1,0
06085507905,06085,Urban,6188,0,0
06085507906,06085,Urban,4508,1,0
06085508003,06085,Urban,2266,0,0
06085508004,06085,Urban,6561,0,0
06085508005,06085,Urban,4321,0,0
06085508006,06085,Urban,3690,0,0
06085508101,06085,Urban,6726,0,0
06085508102,06085,Urban,4143,0,0
06085508203,06085,Urban,5573,0,0
06085508204,06085,Urban,4339,0,0
06085508205,06085,Urban,3862,0,0
06085508206,06085,Urban,4341,0,0
06085508301,06085,Urban,4689,0,0
06085508303,06085,Urban,2631,0,0
06085508305,06085,Urban,5103,0,0
06085508306,06085,Urban,3192,0,0
06085508401,06085,Urban,7168,0,0
06085508403,06085,Urban,3092,0,0
06085508404,06085,Urban,6884,0,0
06085508503,06085,Urban,6909,0,0
06085508505,06085,Urban,4741,0,0
06085508507,06085,Urban,3191,0,0
06085508508,06085,Urban,5894,0,0
06085508509,06085,Urban,4231,0,0
06085508510,06085,Urban,3428,0,0
06085508601,06085,Urban,4169,0,0
06085508602,06085,Urban,5461,0,0
06085508705,06085,Urban,4581,0,0
06085508706,06085,Urban,4505,0,0
06085508707,06085,Urban,4095,0,0
06085508708,06085,Urban,4653,0,0
06085508800,06085,Urban,3635,0,0
06085508900,06085,Urban,4887,0,0
06085509001,06085,Urban,3355,0,0
06085509002,06085,Urban,3833,0,0
06085509102,06085,Urban,5094,0,0
06085509106,06085,Urban,4678,0,0
06085509107,06085,Urban,5242,0,0
06085509108,06085,Urban,4654,0,0
06085509109,06085,Urban,5663,0,0
06085509110,06085,Urban,3633,0,0
06085509111,06085,Urban,4326,0,0
06085509201,06085,Urban,5324,0,0
06085509202,06085,Urban,4655,0,0
06085509302,06085,Urban,3122,0,0
06085509303,06085,Urban,3536,0,0
06085509304,06085,Urban,3316,0,0
06085509401,06085,Urban,3754,0,0
06085509403,06085,Urban,5095,0,0
06085509404,06085,Urban,6651,0,0
06085509500,06085,Urban,5553,0,0
06085509600,06085,Urban,3614,0,0
06085509700,06085,Urban,3230,0,0
06085509801,06085,Urban,6196,0,0
06085509802,06085,Urban,2967,0,0
06085509901,06085,Urban,2244,0,0
06085509902,06085,Urban,5301,1,0
06085510001,06085,Urban,6295,1,0
06085510002,06085,Urban,3754,0,0
06085510100,06085,Urban,3016,1,0
06085510200,06085,Urban,4549,0,0
06085510300,06085,Urban,4621,0,0
06085510400,06085,Urban,3631,0,0
06085510500,06085,Urban,5371,1,0
06085510600,06085,Urban,6286,0,0
06085510700,06085,Urban,5487,0,0
06085510801,06085,Urban,5999,1,0
06085510802,06085,Urban,1971,0,0
06085510803,06085,Urban,2781,0,0
06085510900,06085,Urban,5404,0,0
06085511000,06085,Urban,6939,1,0
06085511100,06085,Urban,5513,0,0
06085511200,06085,Urban,4706,0,0
06085511301,06085,Urban,3860,0,0
06085511302,06085,Urban,4118,0,0
06085511400,06085,Urban,3649,0,0
06085511501,06085,Urban,4914,0,0
06085511502,06085,Urban,3176,1,0
06085511608,06085,Urban,3705,1,1
06085511609,06085,Urban,3481,1,0
06085511701,06085,Urban,4285,1,0
06085511702,06085,Urban,2906,1,0
06085511704,06085,Urban,4702,1,0
06085511705,06085,Urban,1716,1,0
06085511707,06085,Rural,2959,0,0
06085511800,06085,Rural,4185,0,0
06085511905,06085,Urban,3243,0,0
06085511907,06085,Urban,4033,0,0
06085511910,06085,Urban,3097,1,0
06085511911,06085,Urban,4885,1,0
06085511912,06085,Urban,5348,1,0
06085511913,06085,Urban,4336,0,0
06085511914,06085,Urban,5664,0,0
06085511915,06085,Urban,3562,0,0
06085511916,06085,Urban,4836,0,0
06085511917,06085,Urban,5060,1,0
06085511918,06085,Rural,3545,0,0
06085512001,06085,Urban,7025,1,0
06085512005,06085,Urban,6601,0,0
06085512019,06085,Urban,4653,0,0
06085512021,06085,Urban,6292,1,0
06085512022,06085,Urban,5877,0,0
06085512023,06085,Urban,5655,0,0
06085512024,06085,Urban,4698,0,0
06085512025,06085,Urban,3232,1,0
06085512026,06085,Urban,3949,0,0
06085512027,06085,Urban,4371,0,0
06085512029,06085,Urban,6813,0,0
06085512030,06085,Urban,3096,1,0
06085512031,06085,Urban,4447,1,0
06085512032,06085,Urban,3487,1,0
06085512034,06085,Urban,3179,0,0
06085512035,06085,Urban,4234,1,0
06085512036,06085,Urban,5047,0,0
06085512037,06085,Urban,3149,0,0
06085512038,06085,Urban,3086,0,0
06085512039,06085,Urban,5097,1,1
06085512042,06085,Urban,2972,0,0
06085512043,06085,Urban,6028,0,0
06085512045,06085,Urban,5635,0,0
06085512047,06085,Urban,5379,0,0
06085512052,06085,Urban,4119,0,0
06085512053,06085,Urban,4687,0,0
06085512054,06085,Urban,4373,0,0
06085512055,06085,Urban,2998,0,0
06085512056,06085,Urban,4084,1,1
06085512057,06085,Urban,3883,0,0
06085512058,06085,Urban,6070,0,0
06085512059,06085,Urban,6299,1,0
06085512100,06085,Urban,1755,1,1
06085512200,06085,Rural,4790,0,0
06085512305,06085,Rural,4761,0,0
06085512307,06085,Urban,6841,1,0
06085512308,06085,Urban,8984,1,0
06085512309,06085,Urban,4983,1,0
06085512310,06085,Urban,5163,0,0
06085512311,06085,Urban,4123,1,0
06085512312,06085,Urban,3756,1,0
06085512313,06085,Urban,4151,0,0
06085512314,06085,Urban,6940,0,0
06085512401,06085,Urban,4830,1,0
06085512402,06085,Urban,5136,1,0
06085512505,06085,Urban,7643,1,1
06085512509,06085,Urban,6469,1,0
06085512510,06085,Urban,7791,1,0
06085512511,06085,Urban,3716,0,0
06085512512,06085,Urban,4458,0,0
06085512513,06085,Urban,4133,0,0
06085512514,06085,Urban,3404,0,0
06085512515,06085,Urban,5695,1,0
06085512516,06085,Urban,4069,1,0
06085512602,06085,Rural,3531,0,0
06085512603,06085,Urban,5303,0,0
06085512604,06085,Urban,5101,0,0
06085513000,06085,Urban,14272,1,1
06085513500,06085,Rural,960,0,0
06087100100,06087,Urban,2294,0,0
06087100200,06087,Urban,6825,0,0
06087100300,06087,Urban,4020,0,0
06087100400,06087,Urban,8452,0,0
06087100500,06087,Urban,5490,0,0
06087100600,06087,Urban,3358,0,0
06087100700,06087,Urban,2275,0,0
06087100801,06087,Urban,3956,0,0
06087100802,06087,Urban,3010,0,0
06087100900,06087,Urban,4274,0,0
06087101001,06087,Urban,4030,0,0
06087101002,06087,Urban,4771,0,0
06087101100,06087,Urban,5501,0,0
06087101200,06087,Urban,3461,1,0
06087110101,06087,Urban,2788,0,0
06087110102,06087,Urban,4629,0,0
06087110201,06087,Urban,2796,0,0
06087110202,06087,Urban,4899,0,0
06087110301,06087,Urban,4327,0,0
06087110302,06087,Urban,2879,0,0
06087110401,06087,Urban,3681,0,0
06087110402,06087,Urban,4774,0,0
06087110503,06087,Urban,3862,0,0
06087110504,06087,Urban,2511,0,0
06087110505,06087,Urban,4580,0,0
06087110506,06087,Urban,3189,0,0
06087110601,06087,Urban,5322,0,0
06087110602,06087,Urban,2828,0,0
06087110700,06087,Urban,3307,0,0
06087120200,06087,Rural,4680,0,0
06087120301,06087,Urban,5019,1,0
06087120302,06087,Urban,3152,1,0
06087120400,06087,Urban,5411,1,1
06087120500,06087,Rural,6007,0,0
06087120600,06087,Rural,4735,0,0
06087120700,06087,Urban,4567,1,0
06087120800,06087,Urban,6157,1,0
06087120901,06087,Rural,3450,0,0
06087120902,06087,Urban,5231,0,0
06087121000,06087,Rural,3579,0,0
06087121100,06087,Rural,3041,0,0
06087121200,06087,Rural,6914,0,0
06087121300,06087,Urban,4210,1,0
06087121401,06087,Urban,2691,0,0
06087121402,06087,Urban,4109,0,0
06087121403,06087,Urban,3355,0,0
06087121501,06087,Urban,2859,0,0
06087121502,06087,Urban,2085,0,0
06087121601,06087,Urban,3455,0,0
06087121602,06087,Urban,2777,0,0
06087121701,06087,Urban,4059,0,0
06087121702,06087,Urban,3462,0,0
06087121801,06087,Urban,2007,0,0
06087121802,06087,Urban,2660,0,0
06087122001,06087,Urban,5135,1,0
06087122002,06087,Rural,3548,0,0
06087122004,06087,Urban,2941,0,0
06087122005,06087,Urban,3889,0,0
06087122100,06087,Urban,3315,0,0
06087122202,06087,Urban,2235,1,0
06087122203,06087,Urban,3688,1,0
06087122204,06087,Urban,3025,1,0
06087122205,06087,Urban,3205,1,0
06087122300,06087,Rural,3965,0,0
06087122401,06087,Rural,2956,0,0
06087122402,06087,Rural,4280,0,0
06087122500,06087,Rural,6717,0,0
06087123100,06087,Urban,2640,1,0
06087123300,06087,Rural,1561,0,0
06089010100,06089,Urban,1680,0,0
06089010200,06089,Urban,2225,0,0
06089010300,06089,Urban,4125,0,0
06089010400,06089,Urban,4452,1,0
06089010500,06089,Urban,4927,0,0
06089010601,06089,Urban,2495,1,0
06089010602,06089,Urban,5683,1,0
06089010603,06089,Rural,906,0,0
06089010702,06089,Urban,3731,1,1
06089010703,06089,Urban,3423,1,1
06089010704,06089,Urban,4623,0,0
06089010803,06089,Urban,5768,0,0
06089010804,06089,Urban,2279,1,0
06089010805,06089,Urban,5012,1,0
06089010806,06089,Urban,3128,0,0
06089010807,06089,Urban,4647,1,0
06089010900,06089,Urban,4248,0,0
06089011001,06089,Rural,1674,0,0
06089011002,06089,Urban,5429,1,0
06089011100,06089,Urban,3467,1,0
06089011209,06089,Urban,6384,0,0
06089011300,06089,Urban,5379,0,0
06089011401,06089,Urban,3969,1,0
06089011402,06089,Urban,3279,1,0
06089011403,06089,Urban,3255,1,0
06089011501,06089,Rural,3412,0,0
06089011502,06089,Urban,2631,1,0
06089011600,06089,Rural,3788,0,0
06089011701,06089,Urban,2695,1,0
06089011702,06089,Urban,3449,1,1
06089011703,06089,Urban,3134,1,1
06089011801,06089,Rural,2482,0,0
06089011802,06089,Rural,2540,0,0
06089011803,06089,Rural,2818,0,0
06089011900,06089,Rural,4910,0,0
06089012000,06089,Urban,5357,0,0
06089012101,06089,Urban,4915,0,0
06089012102,06089,Urban,2152,1,1
06089012200,06089,Rural,5579,0,0
06089012301,06089,Rural,2604,0,0
06089012302,06089,Rural,5426,0,0
06089012303,06089,Rural,4009,0,0
06089012400,06089,Rural,3464,0,0
06089012500,06089,Rural,1408,0,0
06089012603,06089,Rural,4295,0,0
06089012604,06089,Rural,2205,0,0
06089012605,06089,Rural,1985,0,0
06089012606,06089,Rural,3346,1,0
06089012701,06089,Rural,4154,0,0
06089012702,06089,Rural,3209,0,0
06091010000,06091,Rural,3236,0,0
06093000100,06093,Rural,1234,0,0
06093000200,06093,Rural,1671,0,0
06093000300,06093,Rural,3966,1,1
06093000600,06093,Rural,1759,0,0
06093000701,06093,Urban,3884,1,0
06093000702,06093,Rural,4525,0,0
06093000703,06093,Urban,3291,0,0
06093000800,06093,Rural,3370,0,0
06093000901,06093,Rural,4135,0,0
06093000902,06093,Rural,3339,0,0
06093001001,06093,Rural,1299,0,0
06093001002,06093,Rural,1698,0,0
06093001003,06093,Urban,3914,1,1
06093001100,06093,Rural,2183,0,0
06093001200,06093,Rural,1279,0,0
06093001300,06093,Rural,2529,0,0
06095250103,06095,Urban,4804,0,0
06095250104,06095,Urban,2257,0,0
06095250105,06095,Urban,7243,1,0
06095250106,06095,Rural,3684,0,0
06095250200,06095,Urban,4280,0,0
06095250300,06095,Urban,3539,0,0
06095250400,06095,Urban,3372,0,0
06095250501,06095,Urban,2215,0,0
06095250502,06095,Urban,3266,1,0
06095250601,06095,Urban,4833,0,0
06095250604,06095,Urban,3848,1,0
06095250605,06095,Urban,4012,1,0
06095250701,06095,Urban,3473,0,0
06095250801,06095,Rural,4916,0,0
06095250900,06095,Urban,3038,0,0
06095251000,06095,Urban,2742,0,0
06095251100,06095,Urban,3490,0,0
06095251200,06095,Urban,3639,0,0
06095251300,06095,Urban,3168,0,0
06095251400,06095,Urban,6010,0,0
06095251500,06095,Urban,3992,0,0
06095251600,06095,Urban,2694,0,0
06095251701,06095,Urban,3800,0,0
06095251702,06095,Urban,2819,0,0
06095251802,06095,Urban,3132,0,0
06095251803,06095,Urban,5526,1,0
06095251804,06095,Urban,3621,1,0
06095251901,06095,Urban,5264,0,0
06095251902,06095,Urban,6123,0,0
06095251903,06095,Urban,5906,0,0
06095252000,06095,Urban,4361,0,0
06095252102,06095,Urban,3992,0,0
06095252103,06095,Urban,5643,1,0
06095252104,06095,Urban,5981,1,0
06095252105,06095,Urban,3204,1,0
06095252106,06095,Urban,4122,1,0
06095252107,06095,Urban,3535,1,0
06095252108,06095,Urban,3067,0,0
06095252203,06095,Urban,4964,1,0
06095252204,06095,Rural,5267,0,0
06095252205,06095,Urban,8669,1,0
06095252206,06095,Rural,4908,0,0
06095252305,06095,Rural,6084,0,0
06095252306,06095,Urban,3523,0,0
06095252310,06095,Urban,3067,1,0
06095252311,06095,Urban,4623,1,0
06095252312,06095,Urban,3443,1,0
06095252313,06095,Urban,5887,1,0
06095252314,06095,Urban,4599,0,0
06095252315,06095,Urban,4283,1,0
06095252316,06095,Urban,3622,0,0
06095252317,06095,Urban,11656,1,0
06095252401,06095,Urban,4855,0,0
06095252402,06095,Urban,5419,0,0
06095252501,06095,Urban,2870,0,0
06095252502,06095,Urban,1896,0,0
06095252604,06095,Urban,3652,0,0
06095252605,06095,Urban,5985,0,0
06095252606,06095,Urban,5423,0,0
06095252607,06095,Urban,3836,0,0
06095252608,06095,Urban,4190,0,0
06095252610,06095,Urban,3317,0,0
06095252611,06095,Urban,3607,0,0
06095252702,06095,Rural,7039,0,0
06095252703,06095,Urban,4263,0,0
06095252704,06095,Urban,5325,0,0
06095252705,06095,Urban,6144,1,0
06095252706,06095,Urban,4182,0,0
06095252707,06095,Urban,5044,0,0
06095252801,06095,Urban,2635,1,1
06095252802,06095,Urban,1472,1,0
06095252903,06095,Rural,4475,0,0
06095252904,06095,Urban,8478,1,0
06095252908,06095,Urban,3825,0,0
06095252909,06095,Urban,4421,1,0
06095252910,06095,Urban,5788,1,0
06095252911,06095,Urban,5070,1,0
06095252912,06095,Urban,5612,1,0
06095252913,06095,Urban,4998,1,0
06095252914,06095,Urban,5592,1,0
06095252915,06095,Urban,6318,1,0
06095253000,06095,Rural,6640,0,0
06095253101,06095,Urban,5302,0,0
06095253105,06095,Urban,6489,0,0
06095253106,06095,Urban,3427,0,0
06095253107,06095,Urban,5999,0,0
06095253108,06095,Urban,4353,0,0
06095253201,06095,Urban,4821,1,0
06095253203,06095,Urban,4179,0,0
06095253205,06095,Urban,3091,1,0
06095253206,06095,Urban,3688,1,0
06095253207,06095,Rural,2332,0,0
06095253208,06095,Urban,5173,1,1
06095253300,06095,Urban,2527,1,0
06095253402,06095,Urban,8381,1,0
06095253403,06095,Urban,5369,0,0
06095253404,06095,Urban,5815,0,0
06095253501,06095,Urban,6327,1,0
06095253502,06095,Urban,4637,1,0
06095980000,06095,Urban,4,1,0
06097150100,06097,Rural,2148,0,0
06097150203,06097,Urban,4529,1,0
06097150204,06097,Urban,3559,1,0
06097150205,06097,Urban,3977,0,0
06097150206,06097,Rural,1247,0,0
06097150303,06097,Urban,4013,1,0
06097150304,06097,Urban,5834,0,0
06097150305,06097,Urban,5353,0,0
06097150306,06097,Urban,3746,0,0
06097150501,06097,Rural,2457,0,0
06097150502,06097,Rural,1736,0,0
06097150601,06097,Urban,4411,0,0
06097150602,06097,Urban,4347,1,0
06097150603,06097,Urban,7277,0,0
06097150607,06097,Urban,5157,1,0
06097150609,06097,Urban,4988,0,0
06097150610,06097,Urban,3956,0,0
06097150611,06097,Urban,4180,0,0
06097150612,06097,Urban,4449,1,0
06097150701,06097,Urban,4744,0,0
06097150702,06097,Urban,5187,1,0
06097150800,06097,Urban,4941,1,0
06097150901,06097,Urban,5104,0,0
06097150902,06097,Urban,3406,0,0
06097151000,06097,Urban,3359,1,0
06097151100,06097,Rural,4855,0,0
06097151203,06097,Urban,5269,0,0
06097151204,06097,Urban,3651,1,0
06097151205,06097,Urban,2786,1,0
06097151206,06097,Urban,5137,1,0
06097151301,06097,Urban,4467,0,0
06097151305,06097,Urban,5533,0,0
06097151306,06097,Urban,3795,0,0
06097151307,06097,Urban,5218,1,0
06097151308,06097,Urban,4870,1,0
06097151309,06097,Rural,6361,0,0
06097151310,06097,Urban,6959,0,0
06097151311,06097,Urban,6792,1,0
06097151403,06097,Urban,4932,0,0
06097151404,06097,Urban,3290,0,0
06097151405,06097,Urban,6755,1,1
06097151406,06097,Urban,3669,0,0
06097151503,06097,Urban,3446,1,0
06097151504,06097,Urban,3705,0,0
06097151505,06097,Rural,1451,0,0
06097151506,06097,Urban,5469,0,0
06097151601,06097,Rural,2983,0,0
06097151602,06097,Urban,3212,1,0
06097151701,06097,Urban,3327,0,0
06097151702,06097,Urban,3876,1,0
06097151800,06097,Urban,5056,0,0
06097151900,06097,Urban,2921,0,0
06097152000,06097,Urban,2168,0,0
06097152100,06097,Urban,2804,0,0
06097152201,06097,Urban,3839,0,0
06097152203,06097,Urban,3628,0,0
06097152204,06097,Urban,5103,0,0
06097152205,06097,Urban,2004,0,0
06097152300,06097,Urban,4153,1,0
06097152401,06097,Urban,4009,1,0
06097152402,06097,Urban,3418,1,0
06097152501,06097,Urban,4396,0,0
06097152502,06097,Urban,3498,0,0
06097152601,06097,Urban,6554,1,0
06097152602,06097,Rural,1163,0,0
06097152701,06097,Urban,5122,1,1
06097152702,06097,Urban,5007,1,0
06097152801,06097,Urban,4526,1,0
06097152803,06097,Urban,4164,0,0
06097152804,06097,Urban,2807,0,0
06097152903,06097,Urban,5185,0,0
06097152904,06097,Urban,5366,0,0
06097152905,06097,Urban,4058,0,0
06097152906,06097,Rural,6084,0,0
06097153001,06097,Urban,7397,0,0
06097153002,06097,Urban,6578,0,0
06097153003,06097,Urban,5834,0,0
06097153005,06097,Rural,6614,0,0
06097153006,06097,Urban,7343,1,0
06097153102,06097,Urban,5566,0,0
06097153103,06097,Urban,4860,0,0
06097153104,06097,Urban,4093,0,0
06097153201,06097,Urban,4705,1,0
06097153202,06097,Urban,3910,1,1
06097153301,06097,Urban,6622,1,1
06097153302,06097,Urban,5611,1,1
06097153403,06097,Urban,4010,1,0
06097153404,06097,Urban,4094,1,0
06097153405,06097,Urban,3513,1,0
06097153406,06097,Urban,2662,0,0
06097153501,06097,Urban,4505,1,0
06097153502,06097,Rural,3720,0,0
06097153601,06097,Urban,1880,0,0
06097153602,06097,Rural,3150,0,0
06097153705,06097,Rural,3382,0,0
06097153707,06097,Rural,1517,0,0
06097153708,06097,Rural,1696,0,0
06097153709,06097,Rural,1591,0,0
06097153710,06097,Rural,2269,0,0
06097153711,06097,Rural,2213,0,0
06097153712,06097,Rural,1929,0,0
06097153804,06097,Urban,3231,0,0
06097153806,06097,Urban,2686,1,0
06097153807,06097,Urban,3957,1,0
06097153808,06097,Urban,4313,0,0
06097153809,06097,Urban,4510,1,0
06097153810,06097,Urban,4135,1,0
06097153811,06097,Urban,5154,1,0
06097153902,06097,Urban,4436,0,0
06097153903,06097,Urban,3588,1,0
06097153904,06097,Rural,1753,0,0
06097153905,06097,Rural,3391,0,0
06097154000,06097,Rural,2235,0,0
06097154100,06097,Rural,3399,0,0
06097154201,06097,Urban,4088,1,0
06097154202,06097,Urban,6306,1,0
06097154304,06097,Rural,2181,1,1
06097154305,06097,Rural,1665,0,0
06097154306,06097,Rural,2093,0,0
06097154307,06097,Rural,745,0,0
06097154308,06097,Rural,787,0,0
06099000101,06099,Rural,5672,1,0
06099000102,06099,Rural,3765,0,0
06099000201,06099,Urban,6211,0,0
06099000202,06099,Urban,8312,1,0
06099000204,06099,Urban,5178,1,0
06099000205,06099,Urban,4115,0,0
06099000301,06099,Urban,2038,0,0
06099000302,06099,Urban,2782,0,0
06099000303,06099,Urban,6285,1,1
06099000304,06099,Urban,5126,0,0
06099000403,06099,Urban,4651,0,0
06099000404,06099,Urban,5991,0,0
06099000405,06099,Urban,2613,1,1
06099000406,06099,Urban,6247,0,0
06099000407,06099,Rural,3027,0,0
06099000501,06099,Rural,7672,0,0
06099000503,06099,Urban,5252,0,0
06099000505,06099,Urban,5187,0,0
06099000506,06099,Urban,4607,0,0
06099000511,06099,Urban,6096,1,0
06099000512,06099,Urban,2999,0,0
06099000513,06099,Urban,4574,0,0
06099000514,06099,Urban,3743,0,0
06099000601,06099,Urban,4737,1,1
06099000602,06099,Urban,3035,0,0
06099000801,06099,Urban,6826,0,0
06099000803,06099,Urban,5153,0,0
06099000805,06099,Urban,6584,0,0
06099000806,06099,Urban,4474,0,0
06099000807,06099,Urban,3782,0,0
06099000905,06099,Urban,6221,0,0
06099000906,06099,Urban,6106,1,1
06099000907,06099,Urban,3371,0,0
06099000908,06099,Urban,5480,0,0
06099000909,06099,Urban,4746,0,0
06099000910,06099,Urban,6936,0,0
06099000911,06099,Urban,4966,0,0
06099000913,06099,Urban,7366,0,0
06099000914,06099,Urban,7093,0,0
06099000915,06099,Urban,4833,0,0
06099001001,06099,Urban,6746,0,0
06099001002,06099,Urban,3427,0,0
06099001100,06099,Urban,4381,0,0
06099001200,06099,Urban,3961,0,0
06099001300,06099,Urban,6342,0,0
06099001400,06099,Urban,7546,0,0
06099001500,06099,Urban,7108,1,1
06099001601,06099,Urban,4968,0,0
06099001603,06099,Urban,5959,0,0
06099001604,06099,Urban,4031,0,0
06099001700,06099,Urban,2645,0,0
06099001800,06099,Urban,2011,0,0
06099001900,06099,Urban,5863,0,0
06099002002,06099,Urban,4662,1,1
06099002004,06099,Urban,6759,0,0
06099002005,06099,Urban,3988,0,0
06099002006,06099,Urban,4765,0,0
06099002100,06099,Urban,3713,0,0
06099002200,06099,Urban,6502,0,0
06099002302,06099,Urban,3991,0,0
06099002303,06099,Urban,5729,1,1
06099002304,06099,Urban,2841,0,0
06099002401,06099,Urban,3852,0,0
06099002402,06099,Urban,5509,0,0
06099002503,06099,Urban,4755,0,0
06099002504,06099,Urban,4532,0,0
06099002505,06099,Urban,5064,0,0
06099002506,06099,Urban,2015,0,0
06099002602,06099,Urban,5495,0,0
06099002603,06099,Urban,3131,0,0
06099002604,06099,Urban,4917,0,0
06099002605,06099,Urban,4231,0,0
06099002701,06099,Urban,4186,0,0
06099002702,06099,Urban,7175,0,0
06099002801,06099,Rural,6122,1,0
06099002802,06099,Rural,6931,0,0
06099002803,06099,Urban,2933,0,0
06099002901,06099,Rural,4990,0,0
06099002903,06099,Urban,6235,1,1
06099002904,06099,Urban,2208,1,0
06099003002,06099,Rural,7207,0,0
06099003003,06099,Urban,7984,1,0
06099003004,06099,Urban,2112,1,0
06099003100,06099,Rural,3843,0,0
06099003201,06099,Urban,5641,1,1
06099003203,06099,Urban,5614,0,0
06099003204,06099,Urban,2614,0,0
06099003205,06099,Urban,4654,1,0
06099003206,06099,Urban,5753,1,0
06099003300,06099,Rural,5992,0,0
06099003400,06099,Rural,1675,0,0
06099003501,06099,Urban,7529,1,1
06099003502,06099,Urban,5297,1,1
06099003603,06099,Rural,4012,0,0
06099003607,06099,Rural,2403,0,0
06099003608,06099,Rural,6530,0,0
06099003609,06099,Urban,3693,0,0
06099003610,06099,Urban,4826,0,0
06099003611,06099,Urban,4172,1,0
06099003612,06099,Urban,7303,1,0
06099003700,06099,Urban,4996,1,1
06099003802,06099,Urban,5724,0,0
06099003803,06099,Urban,3045,0,0
06099003804,06099,Urban,6826,0,0
06099003805,06099,Urban,3087,0,0
06099003904,06099,Urban,4732,0,0
06099003905,06099,Urban,3940,0,0
06099003906,06099,Urban,5129,0,0
06099003907,06099,Urban,7566,1,0
06099003908,06099,Urban,2449,0,0
06099003909,06099,Urban,6625,0,0
06099004000,06099,Rural,3834,0,0
06101050101,06101,Urban,7292,0,0
06101050102,06101,Urban,5008,0,0
06101050201,06101,Urban,3277,0,0
06101050202,06101,Urban,3982,0,0
06101050301,06101,Urban,2593,0,0
06101050302,06101,Urban,6286,0,0
06101050401,06101,Urban,5109,0,0
06101050402,06101,Rural,4270,0,0
06101050403,06101,Urban,3970,1,0
06101050501,06101,Urban,6325,1,1
06101050503,06101,Urban,7368,1,0
06101050504,06101,Urban,7395,1,0
06101050601,06101,Urban,6281,1,0
06101050603,06101,Urban,5350,1,0
06101050604,06101,Urban,4379,1,0
06101050701,06101,Urban,4533,1,1
06101050702,06101,Rural,6616,0,0
06101050800,06101,Rural,3518,0,0
06101050900,06101,Rural,1388,0,0
06101051000,06101,Rural,2237,0,0
06101051100,06101,Rural,2456,0,0
06103000100,06103,Rural,4670,1,0
06103000201,06103,Rural,3775,0,0
06103000202,06103,Rural,4358,0,0
06103000300,06103,Rural,4682,1,0
06103000400,06103,Rural,5598,0,0
06103000500,06103,Urban,5858,1,1
06103000600,06103,Urban,5813,1,1
06103000701,06103,Urban,4380,0,0
06103000702,06103,Urban,3517,0,0
06103000800,06103,Rural,3905,0,0
06103000900,06103,Rural,3820,0,0
06103001000,06103,Rural,7139,0,0
06103001101,06103,Rural,2554,0,0
06103001102,06103,Urban,5760,0,0
06105000101,06105,Rural,2686,0,0
06105000102,06105,Rural,4405,0,0
06105000200,06105,Rural,2014,1,1
06105000500,06105,Rural,7007,1,1
06107000101,06107,Rural,2538,0,0
06107000102,06107,Rural,2542,0,0
06107000202,06107,Rural,2381,0,0
06107000203,06107,Urban,4861,1,1
06107000204,06107,Urban,4081,0,0
06107000302,06107,Rural,2971,0,0
06107000303,06107,Rural,3662,0,0
06107000304,06107,Rural,2869,0,0
06107000401,06107,Urban,6976,1,1
06107000402,06107,Urban,6999,0,0
06107000501,06107,Urban,7313,0,0
06107000502,06107,Urban,4065,1,1
06107000600,06107,Urban,5670,1,1
06107000701,06107,Rural,2625,0,0
06107000702,06107,Urban,5533,0,0
06107000801,06107,Rural,4540,0,0
06107000802,06107,Rural,2804,0,0
06107000901,06107,Urban,5899,1,1
06107000902,06107,Rural,3377,0,0
06107001005,06107,Urban,2808,1,0
06107001006,06107,Urban,5861,0,0
06107001007,06107,Urban,5167,1,0
06107001008,06107,Urban,5763,1,0
06107001009,06107,Urban,4289,0,0
06107001010,06107,Urban,4157,0,0
06107001011,06107,Urban,8227,0,0
06107001012,06107,Urban,10311,0,0
06107001101,06107,Urban,2460,0,0
06107001102,06107,Urban,4026,0,0
06107001200,06107,Urban,1276,0,0
06107001303,06107,Urban,5149,0,0
06107001304,06107,Rural,3965,0,0
06107001305,06107,Urban,2806,0,0
06107001306,06107,Urban,5516,0,0
06107001400,06107,Rural,5562,0,0
06107001501,06107,Urban,5257,0,0
06107001502,06107,Urban,5915,1,1
06107001601,06107,Urban,5059,0,0
06107001602,06107,Urban,5792,1,1
06107001701,06107,Urban,6634,0,0
06107001703,06107,Urban,8210,1,0
06107001705,06107,Urban,3122,1,1
06107001706,06107,Urban,5401,1,0
06107001800,06107,Urban,5137,0,0
06107001901,06107,Urban,3559,0,0
06107001902,06107,Urban,4201,0,0
06107002002,06107,Urban,4834,0,0
06107002003,06107,Urban,6178,0,0
06107002004,06107,Urban,5026,0,0
06107002006,06107,Urban,4369,1,0
06107002008,06107,Urban,2855,0,0
06107002009,06107,Urban,4760,0,0
06107002010,06107,Urban,5498,1,0
06107002011,06107,Rural,3207,0,0
06107002100,06107,Rural,2470,0,0
06107002202,06107,Urban,5992,0,0
06107002203,06107,Urban,5644,1,1
06107002204,06107,Urban,6175,0,0
06107002302,06107,Urban,5244,0,0
06107002303,06107,Urban,6696,0,0
06107002304,06107,Urban,1786,0,0
06107002401,06107,Urban,5202,1,0
06107002402,06107,Rural,5182,0,0
06107002403,06107,Urban,6905,1,0
06107002500,06107,Urban,4183,1,1
06107002601,06107,Urban,4422,1,1
06107002602,06107,Urban,5517,0,0
06107002701,06107,Rural,1542,1,1
06107002702,06107,Rural,4849,0,0
06107002800,06107,Urban,3607,0,0
06107002901,06107,Urban,3629,0,0
06107002903,06107,Urban,5157,0,0
06107002904,06107,Urban,5379,0,0
06107003001,06107,Urban,4810,0,0
06107003002,06107,Urban,3513,0,0
06107003100,06107,Rural,3317,0,0
06107003201,06107,Rural,3656,0,0
06107003202,06107,Rural,2526,0,0
06107003301,06107,Rural,4586,0,0
06107003302,06107,Rural,3057,0,0
06107003401,06107,Rural,4465,0,0
06107003402,06107,Rural,2626,0,0
06107003501,06107,Urban,2882,0,0
06107003503,06107,Urban,6072,1,0
06107003504,06107,Urban,5505,0,0
06107003601,06107,Urban,7894,0,0
06107003602,06107,Urban,7878,0,0
06107003700,06107,Urban,6762,0,0
06107003801,06107,Urban,3614,0,0
06107003802,06107,Urban,4615,0,0
06107003902,06107,Rural,6028,0,0
06107003903,06107,Urban,3342,0,0
06107003904,06107,Urban,3811,1,1
06107004000,06107,Rural,24,0,0
06107004102,06107,Urban,2011,0,0
06107004103,06107,Urban,5374,0,0
06107004104,06107,Urban,4778,0,0
06107004200,06107,Rural,6673,0,0
06107004301,06107,Rural,3064,0,0
06107004302,06107,Rural,2385,0,0
06107004401,06107,Urban,3958,0,0
06107004402,06107,Urban,3808,0,0
06107004500,06107,Rural,6439,0,0
06109001100,06109,Urban,3880,1,0
06109001200,06109,Urban,4079,1,1
06109002101,06109,Rural,3280,0,0
06109002102,06109,Rural,1496,0,0
06109002201,06109,Rural,5340,0,0
06109002202,06109,Urban,2862,1,0
06109003101,06109,Urban,2455,1,0
06109003102,06109,Urban,2570,1,0
06109003103,06109,Rural,1314,1,1
06109003200,06109,Rural,5672,0,0
06109004101,06109,Rural,3082,0,0
06109004102,06109,Urban,2472,1,0
06109004201,06109,Rural,1976,0,0
06109004202,06109,Rural,2088,0,0
06109005101,06109,Rural,5502,0,0
06109005102,06109,Rural,2989,0,0
06109005201,06109,Rural,1829,0,0
06109985202,06109,Rural,2734,0,0
06111000302,06111,Urban,8101,0,0
06111000303,06111,Urban,5194,1,0
06111000304,06111,Urban,4818,1,1
06111000400,06111,Urban,6338,0,0
06111000500,06111,Rural,1786,0,0
06111000600,06111,Urban,6229,0,0
06111000701,06111,Urban,6974,0,0
06111000702,06111,Urban,3113,0,0
06111000800,06111,Rural,8724,0,0
06111000901,06111,Urban,2555,1,0
06111000902,06111,Rural,2107,0,0
06111000903,06111,Rural,5689,0,0
06111001002,06111,Urban,6934,1,1
06111001101,06111,Urban,4708,0,0
06111001102,06111,Urban,3657,1,0
06111001201,06111,Urban,6018,0,0
06111001202,06111,Urban,6954,0,0
06111001204,06111,Rural,2620,0,0
06111001302,06111,Urban,2526,0,0
06111001303,06111,Urban,4826,0,0
06111001304,06111,Urban,3272,0,0
06111001401,06111,Urban,3954,0,0
06111001402,06111,Urban,5656,1,0
06111001506,06111,Urban,4876,1,0
06111001507,06111,Urban,4705,0,0
06111001508,06111,Urban,4680,0,0
06111001509,06111,Urban,4644,0,0
06111001510,06111,Urban,2574,1,1
06111001511,06111,Urban,2423,0,0
06111001602,06111,Urban,2471,0,0
06111001801,06111,Urban,3738,0,0
06111001901,06111,Urban,3498,0,0
06111002000,06111,Urban,2533,0,0
06111002102,06111,Urban,1664,0,0
06111002200,06111,Urban,6791,0,0
06111002301,06111,Urban,2859,0,0
06111002302,06111,Urban,4456,0,0
06111002400,06111,Urban,3112,0,0
06111002500,06111,Urban,5038,0,0
06111002600,06111,Urban,3094,0,0
06111002700,06111,Urban,4267,0,0
06111002800,06111,Urban,6296,0,0
06111002901,06111,Urban,5682,1,0
06111002905,06111,Urban,5305,0,0
06111003010,06111,Urban,3238,0,0
06111003011,06111,Urban,5361,0,0
06111003013,06111,Urban,4833,1,0
06111003101,06111,Urban,4403,0,0
06111003102,06111,Urban,4766,0,0
06111003201,06111,Urban,4040,0,0
06111003301,06111,Urban,3192,0,0
06111003302,06111,Urban,5522,0,0
06111003608,06111,Urban,3746,0,0
06111003613,06111,Urban,3866,0,0
06111003614,06111,Urban,5139,0,0
06111003615,06111,Urban,2680,1,0
06111003616,06111,Urban,3556,1,0
06111003617,06111,Urban,1992,0,0
06111003618,06111,Urban,2174,0,0
06111003700,06111,Urban,6426,0,0
06111003801,06111,Urban,5377,0,0
06111003802,06111,Urban,2821,0,0
06111003901,06111,Urban,3265,0,0
06111003902,06111,Urban,3761,0,0
06111004000,06111,Urban,6247,0,0
06111004101,06111,Urban,6570,0,0
06111004200,06111,Urban,5206,0,0
06111004304,06111,Urban,7051,0,0
06111004305,06111,Urban,1985,1,1
06111004400,06111,Urban,7712,0,0
06111004503,06111,Urban,4600,0,0
06111004504,06111,Urban,5086,0,0
06111004505,06111,Urban,2077,0,0
06111004507,06111,Urban,3142,0,0
06111004508,06111,Urban,4120,0,0
06111004600,06111,Urban,1430,1,1
06111004704,06111,Rural,1537,0,0
06111004710,06111,Urban,5298,0,0
06111004711,06111,Urban,3163,0,0
06111004715,06111,Urban,5213,0,0
06111004716,06111,Urban,4240,0,0
06111004717,06111,Urban,3851,0,0
06111004901,06111,Urban,7081,0,0
06111004902,06111,Urban,4502,0,0
06111005002,06111,Urban,3182,0,0
06111005004,06111,Urban,10297,0,0
06111005005,06111,Urban,4830,0,0
06111005006,06111,Urban,3252,0,0
06111005202,06111,Rural,2740,0,0
06111005203,06111,Urban,5548,1,0
06111005204,06111,Urban,3274,1,0
06111005205,06111,Urban,8259,1,0
06111005304,06111,Urban,5801,1,1
06111005305,06111,Rural,5559,0,0
06111005306,06111,Urban,4730,1,0
06111005307,06111,Urban,6648,1,0
06111005308,06111,Urban,2898,0,0
06111005401,06111,Urban,3955,0,0
06111005403,06111,Urban,2651,0,0
06111005404,06111,Urban,3849,1,0
06111005502,06111,Urban,5241,0,0
06111005503,06111,Urban,4014,0,0
06111005504,06111,Urban,4430,0,0
06111005601,06111,Urban,6831,1,0
06111005602,06111,Urban,4849,1,0
06111005700,06111,Rural,2931,0,0
06111005801,06111,Urban,5214,1,0
06111005803,06111,Urban,3512,1,0
06111005804,06111,Urban,5390,1,0
06111005901,06111,Urban,6525,1,0
06111005906,06111,Urban,6630,1,0
06111005907,06111,Urban,3464,1,0
06111005908,06111,Urban,2945,0,0
06111005909,06111,Urban,3482,1,0
06111005910,06111,Urban,1727,1,0
06111005911,06111,Urban,3912,1,0
06111006000,06111,Urban,4795,0,0
06111006101,06111,Urban,3866,1,0
06111006102,06111,Urban,4727,0,0
06111006200,06111,Urban,2967,1,0
06111006301,06111,Urban,6472,1,0
06111006302,06111,Urban,3807,0,0
06111006400,06111,Urban,7190,1,0
06111006500,06111,Urban,3531,0,0
06111006600,06111,Urban,4018,1,0
06111006700,06111,Urban,3153,1,0
06111006800,06111,Urban,3786,0,0
06111006900,06111,Urban,4002,0,0
06111007000,06111,Urban,4183,0,0
06111007100,06111,Urban,6638,0,0
06111007201,06111,Urban,3504,1,0
06111007202,06111,Urban,4175,1,0
06111007300,06111,Rural,2097,0,0
06111007402,06111,Urban,6058,1,0
06111007403,06111,Urban,5728,1,0
06111007405,06111,Urban,5822,1,0
06111007406,06111,Urban,2349,1,0
06111007505,06111,Urban,3327,1,0
06111007506,06111,Urban,7514,1,0
06111007507,06111,Urban,6808,1,0
06111007508,06111,Urban,3696,1,0
06111007509,06111,Urban,4418,1,0
06111007510,06111,Urban,6208,1,0
06111007511,06111,Rural,2676,0,0
06111007512,06111,Rural,6264,0,0
06111007513,06111,Urban,1765,1,0
06111007515,06111,Urban,3444,1,0
06111007516,06111,Urban,3371,1,0
06111007607,06111,Urban,5832,1,0
06111007609,06111,Urban,2455,0,0
06111007610,06111,Urban,4926,1,0
06111007611,06111,Urban,4604,0,0
06111007612,06111,Urban,5184,1,0
06111007613,06111,Urban,4992,1,0
06111007614,06111,Urban,7185,1,0
06111007700,06111,Urban,6456,0,0
06111007800,06111,Urban,4403,0,0
06111007901,06111,Urban,5354,0,0
06111007903,06111,Urban,4893,1,0
06111007904,06111,Urban,5730,0,0
06111008001,06111,Urban,3258,0,0
06111008002,06111,Urban,4712,0,0
06111008004,06111,Urban,5141,0,0
06111008005,06111,Urban,2733,0,0
06111008101,06111,Urban,3379,0,0
06111008201,06111,Urban,4640,0,0
06111008202,06111,Urban,4331,0,0
06111008302,06111,Urban,5458,0,0
06111008303,06111,Urban,3887,0,0
06111008304,06111,Urban,5487,1,0
06111008307,06111,Urban,3248,0,0
06111008308,06111,Urban,4455,1,0
06111008401,06111,Urban,5332,0,0
06111008402,06111,Urban,5302,1,0
06111008501,06111,Urban,4751,1,0
06111008502,06111,Rural,3647,0,0
06111008601,06111,Urban,4395,0,0
06111008602,06111,Urban,3348,0,0
06111008700,06111,Urban,6150,0,0
06111008800,06111,Urban,5513,0,0
06111008900,06111,Urban,3457,0,0
06111009100,06111,Urban,6270,0,0
06111009200,06111,Urban,6128,0,0
06111009300,06111,Rural,6058,0,0
06111009400,06111,Urban,2084,0,0
06111009500,06111,Rural,3486,0,0
06111009600,06111,Rural,3112,0,0
06111009700,06111,Rural,3410,0,0
06111980000,06111,Rural,0,,0
06113010102,06113,Urban,1401,0,0
06113010103,06113,Urban,5882,0,0
06113010104,06113,Urban,5045,1,1
06113010105,06113,Urban,2008,0,0
06113010201,06113,Urban,3985,0,0
06113010203,06113,Urban,5722,0,0
06113010204,06113,Urban,5186,0,0
06113010310,06113,Urban,5956,1,0
06113010312,06113,Urban,5320,0,0
06113010313,06113,Urban,5406,1,0
06113010314,06113,Urban,2322,0,0
06113010315,06113,Urban,1442,0,0
06113010401,06113,Rural,4678,0,0
06113010402,06113,Urban,4379,1,0
06113010501,06113,Urban,8696,1,1
06113010505,06113,Rural,5968,0,0
06113010508,06113,Urban,2569,0,0
06113010509,06113,Urban,3578,0,0
06113010510,06113,Urban,4908,1,1
06113010511,06113,Urban,3333,0,0
06113010512,06113,Urban,3322,0,0
06113010513,06113,Urban,2964,0,0
06113010602,06113,Urban,5597,0,0
06113010605,06113,Urban,3627,1,0
06113010607,06113,Urban,4395,1,0
06113010608,06113,Urban,5675,0,0
06113010609,06113,Urban,2575,1,0
06113010610,06113,Urban,3721,1,1
06113010611,06113,Urban,1673,0,0
06113010701,06113,Urban,4779,0,0
06113010703,06113,Urban,5438,0,0
06113010704,06113,Urban,2275,0,0
06113010800,06113,Urban,3824,0,0
06113010901,06113,Urban,5595,0,0
06113010902,06113,Urban,6385,0,0
06113011001,06113,Urban,6744,0,0
06113011002,06113,Urban,3244,0,0
06113011101,06113,Urban,2922,0,0
06113011102,06113,Urban,5123,0,0
06113011103,06113,Urban,3271,0,0
06113011203,06113,Urban,2657,1,0
06113011204,06113,Urban,5707,0,0
06113011207,06113,Rural,2754,0,0
06113011208,06113,Urban,7643,1,0
06113011209,06113,Urban,4037,0,0
06113011210,06113,Urban,2738,0,0
06113011211,06113,Urban,1653,0,0
06113011301,06113,Rural,2079,0,0
06113011302,06113,Urban,3634,0,0
06113011303,06113,Urban,1446,0,0
06113011304,06113,Urban,1361,0,0
06113011400,06113,Rural,4052,0,0
06113011500,06113,Rural,5709,1,1
06115040100,06115,Urban,5029,0,0
06115040201,06115,Urban,3827,0,0
06115040202,06115,Urban,4346,0,0
06115040301,06115,Urban,3600,0,0
06115040302,06115,Urban,2479,0,0
06115040304,06115,Urban,6587,0,0
06115040305,06115,Urban,2755,1,0
06115040400,06115,Urban,5938,1,1
06115040500,06115,Urban,4002,0,0
06115040600,06115,Urban,6396,0,0
06115040701,06115,Urban,8299,1,0
06115040702,06115,Urban,6231,1,0
06115040800,06115,Rural,4405,0,0
06115040901,06115,Rural,3047,0,0
06115040902,06115,Rural,2412,0,0
06115041001,06115,Rural,3594,0,0
06115041002,06115,Rural,3935,0,0
06115041101,06115,Rural,3187,0,0
06115041102,06115,Rural,1506,0,0
